Date,high,low,open,price,volume,adj close,sma10,ema20,ema30,rsi,macd,lag1,lag5,lag10,signal,positions
2013-02-13,56.790000915527344,56.470001220703125,56.58000183105469,56.619998931884766,1193600.0,42.921077728271484,56.83700065612793,56.56750402322894,56.383000183105466,51.31134954162211,0.26949663289898496,0.05999755859375,-0.21000289916992188,-0.15999984741210938,1,
2013-02-14,56.7599983215332,56.2599983215332,56.459999084472656,56.36000061035156,1558800.0,42.7239875793457,56.78500061035156,56.5477417934311,56.381516339701996,45.737318537087184,0.23725881692045903,-0.2599983215332031,-0.7299995422363281,-0.5200004577636719,0,-1.0
2013-02-15,56.72999954223633,56.29999923706055,56.5,56.58000183105469,1701000.0,42.8907585144043,56.73800086975098,56.55081417796668,56.39432185527314,50.62499371794213,0.18718669178429792,0.220001220703125,-0.5699996948242188,-0.4699974060058594,1,1.0
2013-02-19,57.099998474121094,56.599998474121094,56.650001525878906,57.0,1299100.0,43.209144592285156,56.75200080871582,56.59359378006509,56.43339786461036,58.3398659508685,0.15840702865072842,0.4199981689453125,0.4099998474121094,0.1399993896484375,1,0.0
2013-02-20,57.59000015258789,56.900001525878906,57.0,57.189998626708984,1365300.0,43.35316848754883,56.79700050354004,56.65039424165022,56.482210817003825,61.286787243707444,0.14660626188982206,0.18999862670898438,0.6299972534179688,0.4499969482421875,1,0.0
2013-02-21,57.459999084472656,57.04999923706055,57.04999923706055,57.400001525878906,1707000.0,43.51236343383789,56.85400047302246,56.72178541157676,56.54142312080222,64.29326200490985,0.13221506144569872,0.21000289916992188,0.7800025939941406,0.5699996948242188,1,0.0
2013-02-22,58.4900016784668,57.5099983215332,57.54999923706055,58.47999954223633,2490600.0,44.3310661315918,56.9930004119873,56.88923437640148,56.66649256734636,75.03219379038738,0.10376603558582076,1.0799980163574219,2.1199989318847656,1.3899993896484375,1,0.0
2013-02-25,58.9900016784668,57.91999816894531,58.59000015258789,57.939998626708984,2322000.0,43.92171096801758,57.072000122070314,56.98930716214505,56.74865424859557,64.5746604100577,0.08269295992526082,-0.5400009155273438,1.3599967956542969,0.7899971008300781,1,0.0
2013-02-26,58.720001220703125,58.08000183105469,58.209999084472656,58.220001220703125,1697400.0,44.133968353271484,57.23500022888184,57.10651612010297,56.84357985969928,67.13264876394999,0.12848410877887062,0.2800025939941406,1.220001220703125,1.6300010681152344,1,0.0
2013-02-27,58.720001220703125,58.16999816894531,58.18000030517578,58.56999969482422,1205500.0,44.399288177490234,57.43600006103516,57.24589550817166,56.95496178454606,70.04438212431546,0.19010455286350236,0.34999847412109375,1.3800010681152344,2.009998321533203,1,0.0
2013-02-28,59.20000076293945,58.5099983215332,58.65999984741211,59.0,1682400.0,44.72524642944336,57.67400016784668,57.41295307882198,57.08689973393018,73.18718151798848,0.2610470890247001,0.43000030517578125,1.5999984741210938,2.3800010681152344,1,0.0
2013-03-01,59.040000915527344,58.54999923706055,58.95000076293945,59.02000045776367,1341700.0,44.74040985107422,57.94000015258789,57.566005210149754,57.211615909661376,73.32735322035138,0.3739949424381379,0.020000457763671875,0.5400009155273438,2.6599998474121094,1,0.0
2013-03-04,59.470001220703125,58.79999923706055,58.9900016784668,59.400001525878906,1354000.0,45.02847671508789,58.22200012207031,57.740671525933486,57.352802078449606,75.90473713202559,0.48132859613682655,0.3800010681152344,1.4600028991699219,2.8199996948242188,1,0.0
2013-03-05,59.900001525878906,59.40999984741211,59.5,59.58000183105469,1473300.0,45.16492462158203,58.48000030517578,57.915845840706936,57.496492385069295,77.03667075325161,0.5641544644688423,0.18000030517578125,1.3600006103515625,2.5800018310546875,1,0.0
2013-03-06,59.790000915527344,59.25,59.58000183105469,59.25,1389500.0,44.914764404296875,58.686000442504884,58.042908141591994,57.609621908613214,70.49793924513575,0.6430923009128904,-0.3300018310546875,0.6800003051757812,2.0600013732910156,1,0.0
2013-03-07,59.540000915527344,58.97999954223633,59.29999923706055,58.97999954223633,1186400.0,44.71009063720703,58.844000244140624,58.13215494165336,57.698033368846964,65.59244623572619,0.7118453024872622,-0.2700004577636719,-0.020000457763671875,1.5799980163574219,1,0.0
2013-03-08,59.099998474121094,58.33000183105469,59.029998779296875,58.95000076293945,1263700.0,44.68735122680664,58.89100036621094,58.21004501987109,57.77880545878841,65.05084091788012,0.6809553463398501,-0.029998779296875,-0.06999969482421875,0.470001220703125,1,0.0
2013-03-11,59.060001373291016,58.75,58.91999816894531,59.04999923706055,888800.0,44.763153076171875,59.002000427246095,58.29004065960342,57.86081796061242,66.05697105992112,0.711959767642675,0.09999847412109375,-0.3500022888183594,1.1100006103515625,1,0.0
2013-03-12,59.130001068115234,58.619998931884766,59.08000183105469,58.869998931884766,1164000.0,44.62670135498047,59.067000198364255,58.345274780773074,57.92592641037193,62.56543562621396,0.7217254175911805,-0.18000030517578125,-0.7100028991699219,0.6499977111816406,1,0.0
2013-03-13,59.0,58.70000076293945,58.880001068115234,58.77000045776367,1057200.0,44.550899505615234,59.0870002746582,58.38572484524837,57.980382800526236,60.647579237480066,0.7012754294098329,-0.09999847412109375,-0.4799995422363281,0.20000076293945312,1,0.0
2013-03-14,58.81999969482422,58.5099983215332,58.790000915527344,58.79999923706055,1438400.0,44.57363510131836,59.067000198364255,58.42517954923048,58.033261280302646,61.03347339144605,0.641820649133777,0.029998779296875,-0.18000030517578125,-0.20000076293945312,1,0.0
2013-03-15,59.16999816894531,58.599998474121094,58.72999954223633,59.16999816894531,2843000.0,44.854129791259766,59.081999969482425,58.49611465586999,58.10659914408605,65.52398092570866,0.5858853136124367,0.3699989318847656,0.21999740600585938,0.14999771118164062,1,0.0
2013-03-18,59.040000915527344,58.619998931884766,58.77000045776367,58.66999816894531,1199900.0,44.4750862121582,59.00899963378906,58.51267499044859,58.14294746827052,56.11324965978166,0.496324643340472,-0.5,-0.3800010681152344,-0.7300033569335938,1,0.0
2013-03-19,59.029998779296875,58.599998474121094,58.779998779296875,58.959999084472656,1017600.0,44.69493103027344,58.94699935913086,58.55527728511754,58.19566047576743,59.72618290971966,0.39172207401331605,0.29000091552734375,0.09000015258789062,-0.6200027465820312,1,0.0
2013-03-20,59.25,58.93000030517578,59.150001525878906,59.15999984741211,822300.0,44.84653854370117,58.93799934387207,58.61286991009798,58.25787591909935,62.046741555245156,0.3251294337740944,0.20000076293945312,0.3899993896484375,-0.09000015258789062,1,0.0
2013-03-21,59.15999984741211,58.779998779296875,59.029998779296875,58.90999984741211,1009400.0,44.657020568847656,58.93099937438965,58.64116799936599,58.2999484306034,57.5805379977115,0.28983137502365963,-0.25,0.1100006103515625,-0.06999969482421875,1,0.0
2013-03-22,59.349998474121094,58.849998474121094,58.91999816894531,59.09000015258789,889100.0,44.79347610473633,58.944999313354494,58.68391391872046,58.35091950944111,59.822950422864665,0.261085394634037,0.18000030517578125,-0.07999801635742188,0.1399993896484375,1,0.0
2013-03-25,59.47999954223633,58.849998474121094,59.2400016784668,59.099998474121094,1470700.0,44.801055908203125,58.949999237060545,58.7235410192348,58.39924718458176,59.949597671445105,0.22645821782574416,0.009998321533203125,0.43000030517578125,0.049999237060546875,1,0.0
2013-03-26,59.70000076293945,59.20000076293945,59.279998779296875,59.65999984741211,1171100.0,45.22555923461914,59.02899932861328,58.81272757429931,58.480586066054684,66.3480461746757,0.21627175431397205,0.5600013732910156,0.7000007629394531,0.7900009155273438,1,0.0
2013-03-27,60.18000030517578,59.25,59.459999084472656,60.11000061035156,1537300.0,45.566688537597656,59.16299934387207,58.936277387256666,58.585709585041585,70.43545300301646,0.22672195661540684,0.4500007629394531,0.9500007629394531,1.3400001525878906,1,0.0
2013-03-28,61.130001068115234,60.04999923706055,60.209999084472656,61.029998779296875,2158900.0,46.26409912109375,59.385999298095705,59.135679424593825,58.74340566209031,76.67346505037492,0.2503198735018799,0.9199981689453125,2.1199989318847656,2.229999542236328,1,0.0
2013-04-01,61.0,60.630001068115234,60.93000030517578,60.709999084472656,1182000.0,46.02153015136719,59.539999389648436,59.28561463029657,58.87028265708272,71.057406617675,0.2543847593518649,-0.31999969482421875,1.6199989318847656,1.5400009155273438,1,0.0
2013-04-02,61.220001220703125,60.439998626708984,60.7599983215332,60.5099983215332,1686900.0,45.86990737915039,59.723999404907225,59.40222260089053,58.97607076446662,67.7188197610915,0.32177680401669306,-0.20000076293945312,1.4099998474121094,1.8400001525878906,1,0.0
2013-04-03,60.939998626708984,60.52000045776367,60.529998779296875,60.68000030517578,1442700.0,45.998779296875,59.89599952697754,59.523915715584366,59.086001702576894,69.04995338503556,0.3720838113931748,0.17000198364257812,1.0200004577636719,1.720001220703125,1,0.0
2013-04-04,61.279998779296875,60.70000076293945,60.77000045776367,61.22999954223633,1325800.0,46.41571807861328,60.10299949645996,59.68639988955122,59.22432414384525,72.93794878288375,0.4165996069087399,0.5499992370605469,1.1199989318847656,2.0699996948242188,1,0.0
2013-04-05,61.33000183105469,60.86000061035156,60.90999984741211,61.310001373291016,1019500.0,46.47635269165039,60.342999649047854,59.84102860228835,59.35888396509982,73.46020606540867,0.5019710467595075,0.0800018310546875,0.2800025939941406,2.4000015258789062,1,0.0
2013-04-08,61.47999954223633,60.90999984741211,61.20000076293945,61.47999954223633,1027500.0,46.60523223876953,60.58199958801269,59.99712107275958,59.4957301313667,74.5826955564167,0.5848785152531093,0.1699981689453125,0.7700004577636719,2.3899993896484375,1,0.0
2013-04-09,61.77000045776367,61.150001525878906,61.45000076293945,61.4900016784668,1650500.0,46.61280822753906,60.82099990844726,60.139300178065035,59.62439281182477,74.6506292340338,0.6816997303822276,0.01000213623046875,0.9800033569335938,2.390003204345703,1,0.0
2013-04-10,61.86000061035156,61.40999984741211,61.40999984741211,61.77000045776367,1298000.0,46.82506561279297,61.03199996948242,60.294604966607764,59.76281911156276,76.54086382840369,0.7373950028746563,0.279998779296875,1.0900001525878906,2.1100006103515625,1,0.0
2013-04-11,61.970001220703125,61.61000061035156,61.79999923706055,61.72999954223633,1044000.0,46.79474639892578,61.1939998626709,60.43130921190573,59.88973397805783,75.67273054761884,0.7626906507651725,-0.04000091552734375,0.5,1.6199989318847656,1,0.0
2013-04-12,62.119998931884766,61.58000183105469,61.63999938964844,61.90999984741211,1317500.0,46.93119430541992,61.28199996948242,60.57213689147776,60.020073711564564,76.94019744091557,0.7098630780046591,0.18000030517578125,0.5999984741210938,0.8800010681152344,1,0.0
2013-04-15,62.119998931884766,61.27000045776367,61.84000015258789,61.27000045776367,1402500.0,46.4460334777832,61.33800010681152,60.63860008826689,60.10071414680322,64.14376990865733,0.6994000185446296,-0.6399993896484375,-0.20999908447265625,0.5600013732910156,0,-1.0
2013-04-16,61.63999938964844,60.849998474121094,61.38999938964844,61.529998779296875,1316000.0,46.643123626708984,61.44000015258789,60.72349520169832,60.19292605857701,66.57581665322984,0.716504950889572,0.2599983215332031,0.039997100830078125,1.0200004577636719,1,1.0
2013-04-17,61.560001373291016,61.02000045776367,61.380001068115234,61.34000015258789,1567900.0,46.49909591674805,61.5060001373291,60.7822099589259,60.266930838835776,63.202138372512955,0.7237901784032061,-0.18999862670898438,-0.43000030517578125,0.6599998474121094,1,0.0
2013-04-18,61.75,61.13999938964844,61.58000183105469,61.439998626708984,1457500.0,46.57489776611328,61.52700004577637,60.84485649871476,60.34261263160179,64.22953777660605,0.6821435470616066,0.09999847412109375,-0.29000091552734375,0.20999908447265625,1,0.0
2013-04-19,62.54999923706055,61.540000915527344,61.630001068115234,62.47999954223633,1429600.0,47.363285064697266,61.643999862670896,61.00058440762158,60.48050856132015,72.75067423611894,0.6434154550493147,1.0400009155273438,0.5699996948242188,1.1699981689453125,1,0.0
2013-04-22,62.599998474121094,62.119998931884766,62.45000076293945,62.369998931884766,957900.0,47.27988815307617,61.73299980163574,61.13100483850379,60.60241116587271,70.82878300813155,0.6019949631319506,-0.1100006103515625,1.0999984741210938,0.8899993896484375,1,0.0
2013-04-23,62.58000183105469,61.9900016784668,62.459999084472656,62.5,1001200.0,47.378440856933594,61.83399963378906,61.26138533007486,60.72483625194544,71.77768408592792,0.5726143037142037,0.13000106811523438,0.970001220703125,1.0099983215332031,1,0.0
2013-04-24,63.0,62.209999084472656,62.61000061035156,62.77000045776367,1077200.0,47.58311080932617,61.933999633789064,61.40506296128332,60.85678232974016,73.69176530883472,0.5289366725057434,0.2700004577636719,1.4300003051757812,1.0,1,0.0
2013-04-25,63.04999923706055,62.560001373291016,62.81999969482422,62.9900016784668,1179600.0,47.74988555908203,62.05999984741211,61.556009505776984,60.99440938449673,75.16950636937466,0.5039903416351237,0.220001220703125,1.5500030517578125,1.2600021362304688,1,0.0
2013-04-26,63.22999954223633,62.77000045776367,62.900001525878906,62.84000015258789,919400.0,47.63617706298828,62.15299987792969,61.678294329282785,61.11347975663164,72.19201134162849,0.4747055486469023,-0.15000152587890625,0.3600006103515625,0.9300003051757812,1,0.0
2013-04-29,63.810001373291016,62.880001068115234,63.040000915527344,63.630001068115234,1051000.0,48.23504638671875,62.388999938964844,61.86417116155254,61.27583597027575,77.2933006795123,0.5248287774123028,0.7900009155273438,1.2600021362304688,2.3600006103515625,1,0.0
2013-04-30,63.650001525878906,63.31999969482422,63.5,63.650001525878906,1174700.0,48.25020980834961,62.601000213623045,62.03425024386934,61.42900794160499,77.40630490091904,0.5667499697537082,0.020000457763671875,1.1500015258789062,2.1200027465820312,1,0.0
2013-05-01,64.02999877929688,63.2599983215332,63.61000061035156,63.31999969482422,1202700.0,48.00005340576172,62.79900016784668,62.156702572531714,61.55100740955462,71.11736542549099,0.6422975953149646,-0.3300018310546875,0.5499992370605469,1.9799995422363281,1,0.0
2013-05-02,63.689998626708984,63.0099983215332,63.31999969482422,63.630001068115234,1577600.0,48.23504638671875,63.0180004119873,62.29701671496824,61.685136032687566,73.31100489821236,0.7209836970190651,0.3100013732910156,0.6399993896484375,2.19000244140625,0,-1.0
2013-05-03,63.95000076293945,63.02000045776367,63.81999969482422,63.65999984741211,2068700.0,48.257781982421875,63.13600044250488,62.426824632343845,61.81254660137947,73.52059047473229,0.7091758101610353,0.029998779296875,0.8199996948242188,1.1800003051757812,0,0.0
2013-05-06,63.66999816894531,62.70000076293945,63.529998779296875,62.720001220703125,2116400.0,47.54521942138672,63.17100067138672,62.45474621218759,61.871092060690685,58.119278910883175,0.7162544591991349,-0.9399986267089844,-0.9099998474121094,0.3500022888183594,0,0.0
2013-05-07,63.20000076293945,62.70000076293945,62.91999816894531,63.060001373291016,1977800.0,47.80295944213867,63.22700080871582,62.5123895608641,61.947795887310065,61.27888640514215,0.714611247851721,0.3400001525878906,-0.5900001525878906,0.5600013732910156,0,0.0
2013-05-08,63.15999984741211,62.189998626708984,62.91999816894531,62.279998779296875,1309800.0,47.211669921875,63.17800064086914,62.49025710547674,61.96922833195438,51.65159084078032,0.6877435353924,-0.7800025939941406,-1.0400009155273438,-0.4900016784667969,0,0.0
2013-05-09,62.47999954223633,61.25,62.31999969482422,61.45000076293945,4392000.0,46.582481384277344,63.024000549316405,62.39118507285414,61.935729779114716,43.77120265958973,0.6328154764622624,-0.8299980163574219,-2.1800003051757812,-1.5400009155273438,0,0.0
2013-05-10,61.58000183105469,61.130001068115234,61.459999084472656,61.56999969482422,4312300.0,46.67344665527344,62.89700050354004,62.312976941613194,61.91213428980566,45.07590613400857,0.5840235619268483,0.11999893188476562,-2.0900001525878906,-1.2700004577636719,0,0.0
2013-05-13,60.869998931884766,60.349998474121094,60.75,60.439998626708984,1582200.0,46.279117584228516,62.57800025939942,62.134598054479454,61.81715779541233,36.4895693469336,0.44340220491996263,-1.1300010681152344,-2.2800025939941406,-3.19000244140625,0,0.0
2013-05-14,60.81999969482422,60.209999084472656,60.349998474121094,60.470001220703125,1953700.0,46.30207824707031,62.260000228881836,61.97606502269123,61.73024446801174,36.83361345226126,0.2839352061906055,0.030002593994140625,-2.5900001525878906,-3.1800003051757812,0,0.0
2013-05-15,61.25,60.310001373291016,60.369998931884766,60.689998626708984,1738300.0,46.47054672241211,61.99700012207031,61.85358250878816,61.66313183308898,39.42484965574415,0.1434176132821534,0.21999740600585938,-1.5900001525878906,-2.6300010681152344,0,0.0
2013-05-16,60.68000030517578,60.08000183105469,60.560001373291016,60.15999984741211,1425200.0,46.06472396850586,61.65,61.69228892199044,61.56615557594854,35.63249303131272,-0.04228892199044054,-0.529998779296875,-1.2900009155273438,-3.470001220703125,0,0.0
2013-05-17,60.79999923706055,60.130001068115234,60.130001068115234,60.790000915527344,1766900.0,46.54710388183594,61.363000106811526,61.60635673089871,61.516081081727826,42.6895560737286,-0.24335662408718406,0.6300010681152344,-0.779998779296875,-2.8699989318847656,0,0.0
2013-05-20,61.060001373291016,60.52000045776367,60.790000915527344,60.900001525878906,1315400.0,46.63132858276367,61.1810001373291,61.539084806611115,61.47633401360854,43.84717968130771,-0.35808466928201454,0.1100006103515625,0.4600028991699219,-1.8199996948242188,0,0.0
2013-05-21,61.189998626708984,60.439998626708984,60.939998626708984,60.869998931884766,1240400.0,46.60836410522461,60.96199989318848,61.47536234235146,61.43721562123927,43.58856417615016,-0.5133624491629831,-0.030002593994140625,0.3999977111816406,-2.19000244140625,0,0.0
2013-05-22,61.15999984741211,59.47999954223633,60.779998779296875,59.61000061035156,2024400.0,45.64358139038086,60.695000076293944,61.29770884406575,61.31933078182716,34.40968860663199,-0.6027087677718086,-1.2599983215332031,-1.0799980163574219,-2.6699981689453125,0,0.0
2013-05-23,59.439998626708984,58.349998474121094,59.380001068115234,59.0099983215332,1982700.0,45.18416213989258,60.45099983215332,61.079831651443605,61.17034159084046,31.05594894407959,-0.6288318192902835,-0.6000022888183594,-1.1500015258789062,-2.44000244140625,0,0.0
2013-05-24,58.970001220703125,58.369998931884766,58.77000045776367,58.65999984741211,1389600.0,44.916160583496094,60.15999984741211,60.84937147963109,61.008384059006374,29.2641765540761,-0.6893716322189789,-0.34999847412109375,-2.1300010681152344,-2.9099998474121094,0,0.0
2013-05-28,58.880001068115234,58.310001373291016,58.66999816894531,58.560001373291016,2261100.0,44.83958435058594,59.97200012207031,60.63133623140822,60.850423885734415,28.753737095746317,-0.6593361093379073,-0.09999847412109375,-2.3400001525878906,-1.8799972534179688,0,0.0
2013-05-29,58.380001068115234,56.849998474121094,58.279998779296875,57.7400016784668,2906100.0,44.21171569824219,59.69900016784668,60.355971035889986,60.64975148526554,24.915877221681257,-0.6569708680433095,-0.8199996948242188,-3.1299972534179688,-2.729999542236328,0,0.0
2013-05-30,58.47999954223633,57.5099983215332,57.91999816894531,57.68000030517578,2489100.0,44.165771484375,59.39800033569336,60.10111668058387,60.45815463493717,24.656543380951717,-0.7031163448905104,-0.060001373291015625,-1.9300003051757812,-3.009998321533203,0,0.0
2013-05-31,58.20000076293945,57.06999969482422,57.529998779296875,57.06999969482422,2352000.0,43.698692321777344,59.08900032043457,59.81243887241628,60.23956399363957,22.13421880660185,-0.7234385519817081,-0.6100006103515625,-1.9399986267089844,-3.0900001525878906,0,0.0
2013-06-03,57.33000183105469,55.83000183105469,57.0099983215332,56.97999954223633,3715700.0,43.6297721862793,58.70800018310547,59.54268274573248,60.02926951290389,21.78019842149925,-0.8346825626270089,-0.09000015258789062,-1.6800003051757812,-3.8100013732910156,0,0.0
2013-06-04,57.04999923706055,56.22999954223633,56.95000076293945,56.4900016784668,2306200.0,43.254581451416016,58.26700019836426,59.2519512155167,59.800929652617626,19.91281949836332,-0.98495101715244,-0.48999786376953125,-2.0699996948242188,-4.409999847412109,0,0.0
2013-06-05,57.189998626708984,56.0,56.349998474121094,56.9900016784668,3124700.0,43.63743209838867,57.87900047302246,59.036527450083376,59.61957946073693,26.808712418658516,-1.1575269770609182,0.5,-0.75,-3.8799972534179688,0,0.0
2013-06-06,57.72999954223633,56.560001373291016,56.97999954223633,57.33000183105469,2293700.0,43.897789001464844,57.651000595092775,58.874001200652074,59.47186477495098,31.150062855278776,-1.2230006055592995,0.3400001525878906,-0.34999847412109375,-2.279998779296875,0,0.0
2013-06-07,57.75,56.880001068115234,57.40999984741211,57.43000030517578,1433800.0,43.97433853149414,57.49300079345703,58.73647730584481,59.34013158335259,32.41971405115672,-1.2434765123877796,0.09999847412109375,0.3600006103515625,-1.5799980163574219,0,0.0
2013-06-10,57.70000076293945,57.130001068115234,57.5,57.400001525878906,1211300.0,43.95137405395508,57.36700096130371,58.60919389822901,59.214961902225255,32.22771227392151,-1.2421929369252993,-0.029998779296875,0.4200019836425781,-1.2599983215332031,0,0.0
2013-06-11,57.650001525878906,57.0099983215332,57.119998931884766,57.150001525878906,1255600.0,43.75994110107422,57.2260009765625,58.47022319610043,59.0817386521384,30.60120607984814,-1.2442222195379244,-0.25,0.6599998474121094,-1.4099998474121094,0,0.0
2013-06-12,57.5099983215332,56.59000015258789,57.33000183105469,56.77000045776367,1409700.0,43.468990325927734,57.12900085449219,58.30829722102074,58.932594252501325,28.2660254400935,-1.179296366528547,-0.3800010681152344,-0.220001220703125,-0.970001220703125,0,0.0
2013-06-13,57.58000183105469,56.5,56.7599983215332,57.560001373291016,2033200.0,44.07388687133789,57.11700096130371,58.23703094980838,58.84403987319744,38.733305579462666,-1.120029988504669,0.7900009155273438,0.22999954223632812,-0.11999893188476562,0,0.0
2013-06-14,58.119998931884766,57.54999923706055,57.849998474121094,57.81999969482422,2058600.0,44.27296447753906,57.19200096130371,58.19731368742894,58.7779727649153,41.746047849954664,-1.0053127261252257,0.2599983215332031,0.3899993896484375,0.75,0,0.0
2013-06-17,58.70000076293945,58.2400016784668,58.2599983215332,58.56999969482422,2537300.0,44.84724426269531,57.3510009765625,58.232807592895156,58.76455514749007,49.46572246939643,-0.8818066163326534,0.75,1.1699981689453125,1.5900001525878906,0,0.0
2013-06-18,58.95000076293945,58.130001068115234,58.4900016784668,58.95000076293945,1984100.0,45.138206481933594,57.59700088500976,58.30111170432795,58.77651938074487,52.87332284367351,-0.7041108193181884,0.3800010681152344,1.7999992370605469,2.4599990844726562,0,0.0
2013-06-19,58.95000076293945,57.27000045776367,58.810001373291016,57.279998779296875,1736900.0,43.85948944091797,57.626000595092776,58.203862854324996,58.679969664522424,40.08170142004853,-0.5778622592322193,-1.6700019836425781,0.5099983215332031,0.2899971008300781,0,0.0
2013-06-20,57.16999816894531,55.70000076293945,57.0,55.779998779296875,2500300.0,42.7109375,57.471000289916994,57.97301865670327,58.49287476870143,32.480664329127976,-0.5020183667862739,-1.5,-1.7800025939941406,-1.5500030517578125,0,0.0
2013-06-21,56.84000015258789,55.599998474121094,56.22999954223633,56.38999938964844,3246400.0,43.178016662597656,57.36700019836426,57.82225491698376,58.35720538940769,37.658273035329046,-0.45525471861949995,0.6100006103515625,-1.4300003051757812,-1.0400009155273438,0,0.0
2013-06-24,56.65999984741211,55.41999816894531,55.97999954223633,56.290000915527344,2418200.0,43.10144805908203,57.2560001373291,57.676325964464105,58.22383735883477,37.155271522056154,-0.42032582713500233,-0.09999847412109375,-2.279998779296875,-1.1100006103515625,0,0.0
2013-06-25,57.25,56.150001525878906,56.5,57.029998779296875,1726200.0,43.668060302734375,57.2439998626709,57.61477099444818,58.14681551499362,43.20128584848933,-0.37077113177728194,0.7399978637695312,-1.9200019836425781,-0.12000274658203125,0,0.0
2013-06-26,58.209999084472656,57.400001525878906,57.470001220703125,58.11000061035156,1947900.0,44.495018005371094,57.37799987792969,57.66193571977231,58.14444035985542,50.66170404447882,-0.2839358418426201,1.0800018310546875,0.8300018310546875,1.3400001525878906,1,1.0
2013-06-27,58.720001220703125,57.900001525878906,58.25,58.040000915527344,1796100.0,44.441429138183594,57.42599983215332,57.69794192889184,58.1377023311891,50.20145036263357,-0.27194209673851333,-0.06999969482421875,2.2600021362304688,0.4799995422363281,1,0.0
2013-06-28,58.40999984741211,57.529998779296875,57.810001373291016,58.310001373291016,5112000.0,44.648162841796875,57.475,57.7562333045489,58.148818398421476,52.01237256565343,-0.2812333045488984,0.2700004577636719,1.9200019836425781,0.4900016784667969,1,0.0
2013-07-01,58.68000030517578,57.349998474121094,58.52000045776367,57.5099983215332,1699600.0,44.03559112548828,57.3689998626709,57.7327823537855,58.10760419991256,46.60454095118202,-0.3637824911146055,-0.8000030517578125,1.2199974060058594,-1.0600013732910156,1,0.0
2013-07-02,57.970001220703125,57.31999969482422,57.43000030517578,57.560001373291016,1531700.0,44.07388687133789,57.22999992370605,57.716327022309834,58.07227498529181,46.9756329063621,-0.48632709860378043,0.0500030517578125,0.5300025939941406,-1.3899993896484375,1,0.0
2013-07-03,57.59000015258789,57.18000030517578,57.41999816894531,57.459999084472656,725500.0,43.997314453125,57.24799995422363,57.69191483775391,58.03277331427123,46.28285273743799,-0.4439148835302831,-0.10000228881835938,-0.6500015258789062,0.18000030517578125,1,0.0
2013-07-05,57.459999084472656,56.560001373291016,57.459999084472656,57.15999984741211,1236100.0,43.767601013183594,57.386000061035155,57.64125626724517,57.976465348667425,44.17799058518373,-0.25525620621001366,-0.2999992370605469,-0.8800010681152344,1.3800010681152344,1,0.0
2013-07-08,57.7400016784668,57.15999984741211,57.41999816894531,57.72999954223633,1937800.0,44.204044342041016,57.52000007629395,57.64970800772051,57.96056432889768,48.930312946701996,-0.1297079314265659,0.5699996948242188,-0.5800018310546875,1.3400001525878906,1,0.0
2013-07-09,58.029998779296875,57.58000183105469,57.869998931884766,57.880001068115234,1632900.0,44.318912506103516,57.67900009155274,57.671640680139056,57.95536669916979,50.13345103971928,0.007359411413681016,0.15000152587890625,0.37000274658203125,1.5900001525878906,1,0.0
2013-07-10,58.11000061035156,57.290000915527344,57.869998931884766,57.880001068115234,1652800.0,44.318912506103516,57.76400032043457,57.69148452661298,57.95050440039208,50.13345103971928,0.07251579382158724,0.0,0.31999969482421875,0.8500022888183594,1,0.0
2013-07-11,58.81999969482422,58.29999923706055,58.29999923706055,58.810001373291016,1582700.0,45.0310173034668,57.83400039672851,57.79800994058232,58.00595581799847,57.357088062733695,0.03599045614619456,0.9300003051757812,1.3500022888183594,0.7000007629394531,1,0.0
2013-07-12,59.279998779296875,58.36000061035156,58.7599983215332,59.20000076293945,1764200.0,45.32963943481445,57.95000038146973,57.9315328760449,58.08299097573661,59.97550036330118,0.01846750542483022,0.3899993896484375,2.0400009155273438,1.1599998474121094,1,0.0
2013-07-15,60.130001068115234,59.0099983215332,59.06999969482422,60.04999923706055,1591700.0,45.980491638183594,58.12400016784668,58.133291577094006,58.2098947345317,65.01727792257842,-0.009291409247325078,0.8499984741210938,2.3199996948242188,1.7399978637695312,1,0.0
2013-07-16,60.13999938964844,59.45000076293945,60.04999923706055,59.7400016784668,1336300.0,45.743125915527344,58.34700050354004,58.28631158674855,58.30861131155978,61.95221483651587,0.06068891679148436,-0.30999755859375,1.8600006103515625,2.2300033569335938,1,0.0
2013-07-17,60.2400016784668,59.540000915527344,60.08000183105469,59.77000045776367,1266900.0,45.766090393066406,58.568000411987306,58.42761528875,58.40289448228262,62.138227098386096,0.14038512323730856,0.029998779296875,1.8899993896484375,2.2099990844726562,1,0.0
2013-07-18,60.38999938964844,59.810001373291016,59.869998931884766,60.119998931884766,1625000.0,46.03409194946289,58.83400039672851,58.588794683334264,58.51367541451502,64.32936772785857,0.2452057133942489,0.34999847412109375,1.30999755859375,2.6599998474121094,1,0.0
2013-07-19,60.599998474121094,60.06999969482422,60.279998779296875,60.47999954223633,2353400.0,46.30975341796875,59.16600036621094,58.76890943180113,58.64053503565833,66.47827387715746,0.39709093440981036,0.3600006103515625,1.279998779296875,3.3199996948242188,1,0.0
2013-07-22,60.439998626708984,59.97999954223633,60.18000030517578,60.130001068115234,1409200.0,46.041751861572266,59.40600051879883,58.89853720668819,58.736629618397494,62.53397108506516,0.5074633121106373,-0.34999847412109375,0.0800018310546875,2.4000015258789062,1,0.0
2013-07-23,60.58000183105469,59.970001220703125,60.15999984741211,60.400001525878906,1153000.0,46.24847412109375,59.6580005645752,59.04153380851588,58.8439439350092,64.29398047032488,0.6164667560593173,0.2700004577636719,0.6599998474121094,2.520000457763672,1,0.0
2013-07-24,60.4900016784668,59.43000030517578,60.349998474121094,59.630001068115234,1031400.0,45.65889358520508,59.833000564575194,59.097578309430105,58.894657298435405,56.1875676257261,0.7354222551450889,-0.7700004577636719,-0.1399993896484375,1.75,1,0.0
2013-07-25,59.84000015258789,59.13999938964844,59.54999923706055,59.41999816894531,1842900.0,45.49809646606445,59.89400024414063,59.128284962717274,58.92855025782315,54.18113093870949,0.7657152814233541,-0.21000289916992188,-0.7000007629394531,0.6099967956542969,1,0.0
2013-07-26,59.95000076293945,59.04999923706055,59.279998779296875,59.93000030517578,1164800.0,45.888607025146484,59.96700019836426,59.20463880485618,58.99315993829752,58.094803587388085,0.7623613935080797,0.5100021362304688,-0.5499992370605469,0.7299995422363281,1,0.0
2013-07-29,60.470001220703125,59.58000183105469,59.7599983215332,60.27000045776367,1434600.0,46.14894104003906,59.98900032043457,59.3061018194188,59.075536746005014,60.51612109971972,0.6828985010157709,0.3400001525878906,0.1399993896484375,0.220001220703125,1,0.0
2013-07-30,60.709999084472656,60.09000015258789,60.5,60.29999923706055,1077800.0,46.17192077636719,60.045000076293945,59.400758716337066,59.15453432607311,60.731714250457124,0.6442413599568795,0.029998779296875,-0.10000228881835938,0.55999755859375,1,0.0
2013-07-31,60.439998626708984,59.630001068115234,60.2400016784668,59.900001525878906,1573900.0,45.865631103515625,60.05800018310547,59.448305650579144,59.202628984125106,56.3161452530277,0.6096945325263263,-0.3999977111816406,0.2700004577636719,0.13000106811523438,1,0.0
2013-08-01,60.459999084472656,59.81999969482422,60.13999938964844,60.33000183105469,1333800.0,46.19489288330078,60.07900047302246,59.53227671538634,59.27536271618508,59.707630155209735,0.5467237576361228,0.43000030517578125,0.910003662109375,0.21000289916992188,1,0.0
2013-08-02,60.65999984741211,59.689998626708984,60.470001220703125,60.369998931884766,1404700.0,46.22550964355469,60.068000411987306,59.61205978362429,59.34598440752055,60.01856666945486,0.45594062836301674,0.039997100830078125,0.4399986267089844,-0.1100006103515625,1,0.0
2013-08-05,60.27000045776367,59.900001525878906,60.189998626708984,60.029998779296875,940400.0,45.96516799926758,60.05800018310547,59.651863497497864,59.39011436698999,56.05830264802349,0.4061366856076063,-0.3400001525878906,-0.24000167846679688,-0.10000228881835938,1,0.0
2013-08-06,60.099998474121094,59.63999938964844,60.08000183105469,59.79999923706055,1194800.0,45.789058685302734,59.99799995422363,59.6659716631705,59.416558552155834,53.48719146095669,0.3320282910531276,-0.22999954223632812,-0.5,-0.6000022888183594,1,0.0
2013-08-07,60.599998474121094,59.5,59.54999923706055,60.540000915527344,1368600.0,46.355682373046875,60.08899993896485,59.749212544347344,59.48903870463142,59.86529298099238,0.3397873946175025,0.7400016784667969,0.6399993896484375,0.9099998474121094,1,0.0
2013-08-08,60.849998474121094,60.310001373291016,60.58000183105469,60.59000015258789,5873600.0,46.393978118896484,60.2060001373291,59.82928755465597,59.560068475467325,60.261792344644064,0.3767125826731288,0.049999237060546875,0.2599983215332031,1.1700019836425781,1,0.0
2013-08-09,60.7599983215332,60.25,60.5,60.29999923706055,4529100.0,46.17192077636719,60.24300003051758,59.8741172386945,59.60780594395721,56.75927790655297,0.3688827918230757,-0.29000091552734375,-0.06999969482421875,0.3699989318847656,1,0.0
2013-08-12,59.689998626708984,58.93000030517578,59.5099983215332,59.279998779296875,1800200.0,45.85860824584961,60.143999862670896,59.81753452827568,59.586657094624286,46.518184494246974,0.3264653343952162,-1.0200004577636719,-0.75,-0.9900016784667969,0,-1.0
2013-08-13,59.279998779296875,58.630001068115234,59.2599983215332,58.709999084472656,1598000.0,45.41766357421875,59.98499984741211,59.712054962199204,59.530098513324184,41.961779653858784,0.27294488521290816,-0.5699996948242188,-1.0900001525878906,-1.5900001525878906,0,0.0
2013-08-14,58.689998626708984,57.93000030517578,58.61000061035156,58.2400016784668,1273400.0,45.05408477783203,59.8189998626709,59.57185941136755,59.44686645946243,38.6041053923381,0.24714045130335194,-0.4699974060058594,-2.299999237060547,-1.6599998474121094,0,0.0
2013-08-15,58.2599983215332,57.22999954223633,58.0,57.38999938964844,1765200.0,44.39652633666992,59.52499961853027,59.36406321882287,59.31416535818411,33.39902160413608,0.1609363997074027,-0.8500022888183594,-3.200000762939453,-2.94000244140625,0,0.0
2013-08-16,57.470001220703125,56.40999984741211,57.220001220703125,56.63999938964844,2017400.0,43.816322326660156,59.15199966430664,59.104628568425305,59.14163852150439,29.60588772283397,0.047371095881338476,-0.75,-3.6599998474121094,-3.729999542236328,0,0.0
2013-08-19,56.77000045776367,55.97999954223633,56.61000061035156,56.099998474121094,1370000.0,43.398582458496094,58.75899963378906,58.81847332134871,58.94540367973773,27.209774754013836,-0.05947368755965243,-0.5400009155273438,-3.1800003051757812,-3.9300003051757812,0,0.0
2013-08-20,57.060001373291016,56.099998474121094,56.099998474121094,56.41999816894531,1455900.0,43.6461296081543,58.42099952697754,58.59004711635791,58.78247429194467,30.784732045789653,-0.16904758938036935,0.31999969482421875,-2.2900009155273438,-3.3800010681152344,0,0.0
2013-08-21,56.34000015258789,55.63999938964844,56.29999923706055,55.72999954223633,1228800.0,43.11234664916992,57.939999389648435,58.31766163310823,58.585540437124784,27.63326127484028,-0.3776622434597954,-0.6899986267089844,-2.5100021362304688,-4.810001373291016,0,0.0
2013-08-22,56.310001373291016,55.65999984741211,55.86000061035156,56.04999923706055,3118800.0,43.35990524291992,57.485999298095706,58.10169378586559,58.421957133894836,31.153297021877776,-0.6156944877698862,0.31999969482421875,-1.3400001525878906,-4.540000915527344,0,0.0
2013-08-23,56.83000183105469,56.0,56.13999938964844,56.59000015258789,2175500.0,43.77764892578125,57.11499938964844,57.95772296364867,58.3037663609073,36.74486341402033,-0.8427235740002317,0.5400009155273438,-0.049999237060546875,-3.7099990844726562,0,0.0
2013-08-26,56.7599983215332,56.20000076293945,56.54999923706055,56.20000076293945,1960700.0,43.47594451904297,56.806999588012694,57.79032084929541,58.168039548135184,34.561637090185414,-0.9833212612827182,-0.3899993896484375,0.10000228881835938,-3.079998016357422,0,0.0
2013-08-27,56.650001525878906,55.79999923706055,55.880001068115234,56.310001373291016,1735100.0,43.561038970947266,56.56699981689453,57.6493380420569,58.04816611750008,35.721702134157894,-1.082338225162367,0.1100006103515625,-0.10999679565429688,-2.3999977111816406,0,0.0
2013-08-28,56.630001068115234,56.02000045776367,56.18000030517578,56.439998626708984,1445300.0,43.6616096496582,56.38699951171875,57.53416285964281,57.94441337615872,37.13993806580445,-1.1471633479240637,0.12999725341796875,0.7099990844726562,-1.8000030517578125,0,0.0
2013-08-29,56.470001220703125,56.02000045776367,56.25,56.20000076293945,1069300.0,43.47594451904297,56.26799964904785,57.40709980281392,57.83187062691877,35.579171923940294,-1.1391001537660657,-0.23999786376953125,0.15000152587890625,-1.1899986267089844,0,0.0
2013-08-30,56.459999084472656,55.869998931884766,56.220001220703125,56.22999954223633,1441300.0,43.49915313720703,56.22699966430664,57.294995016092244,57.72852410532636,35.94154341322323,-1.067995351785605,0.029998779296875,-0.3600006103515625,-0.4099998474121094,0,0.0
2013-09-03,56.619998931884766,55.380001068115234,56.5099983215332,55.5,1506200.0,42.93442153930664,56.16699981689453,57.124043109797746,57.584748356595625,31.3240219226777,-0.9570432929032151,-0.7299995422363281,-0.7000007629394531,-0.5999984741210938,0,0.0
2013-09-04,55.810001373291016,55.130001068115234,55.65999984741211,55.59000015258789,1614400.0,43.00404739379883,56.08400001525879,56.97794378053967,57.456054924079,32.47582133929146,-0.8939437652808806,0.09000015258789062,-0.720001220703125,-0.8299980163574219,0,0.0
2013-09-05,55.72999954223633,55.150001525878906,55.54999923706055,55.150001525878906,1614000.0,42.66366958618164,56.02600021362305,56.803854042000545,57.30727728548545,29.840849702268315,-0.777853828377495,-0.4399986267089844,-1.2899971008300781,-0.5799980163574219,0,0.0
2013-09-06,56.16999816894531,55.439998626708984,55.439998626708984,55.59000015258789,2581300.0,43.00404739379883,55.98000030517578,56.688248909675536,57.19648521239528,35.478581260619436,-0.708248604499758,0.4399986267089844,-0.6100006103515625,-0.45999908447265625,0,0.0
2013-09-09,55.93000030517578,55.439998626708984,55.59000015258789,55.83000183105469,1232700.0,43.18971252441406,55.904000473022464,56.60651109266402,57.10832499424428,38.38689215073149,-0.7025106196415578,0.24000167846679688,-0.3999977111816406,-0.7599983215332031,0,0.0
2013-09-10,56.060001373291016,55.619998931884766,55.95000076293945,55.900001525878906,2190500.0,43.24386215209961,55.874000549316406,56.53922446725591,57.030368641446515,39.247035716945256,-0.6652239179395067,0.06999969482421875,0.40000152587890625,-0.2999992370605469,0,0.0
2013-09-11,55.66999816894531,54.72999954223633,55.540000915527344,55.0,2877100.0,42.54762268066406,55.7430004119873,56.39263166085059,56.8993771161919,32.88952362212346,-0.6496312488632867,-0.9000015258789062,-0.5900001525878906,-1.3100013732910156,0,0.0
2013-09-12,55.25,54.5099983215332,55.0099983215332,54.630001068115234,1977500.0,42.26140213012695,55.56200065612793,56.22476208059008,56.75296575825147,30.68862672922846,-0.662761424462154,-0.3699989318847656,-0.5200004577636719,-1.80999755859375,0,0.0
2013-09-13,55.13999938964844,54.619998931884766,54.72999954223633,54.880001068115234,1377500.0,42.45480728149414,55.430000686645506,56.09668960321153,56.63212932662978,33.90689674899116,-0.6666889165660237,0.25,-0.7099990844726562,-1.3199996948242188,0,0.0
2013-09-16,55.869998931884766,55.0,55.65999984741211,55.11000061035156,2208800.0,42.63272476196289,55.31800079345703,56.002719222939156,56.53392747396667,36.81368022861585,-0.6847184294821247,0.22999954223632812,-0.720001220703125,-1.1199989318847656,0,0.0
2013-09-17,55.4900016784668,55.11000061035156,55.310001373291016,55.279998779296875,1401500.0,42.764225006103516,55.29600067138672,55.933888704497036,56.453028848504104,38.95084569089762,-0.6378880331103147,0.1699981689453125,-0.6200027465820312,-0.220001220703125,0,0.0
2013-09-18,57.279998779296875,55.15999984741211,55.52000045776367,56.9900016784668,2683600.0,44.087074279785156,55.43600082397461,56.034470892494156,56.48767225688879,55.32108396199101,-0.5984700685195463,1.7100028991699219,1.9900016784667969,1.4000015258789062,1,1.0
2013-09-19,57.33000183105469,56.40999984741211,57.06999969482422,56.58000183105469,1404400.0,43.76990509033203,55.579000854492186,56.08642621997611,56.49362900360918,51.738775134654524,-0.5074253654839254,-0.4099998474121094,1.9500007629394531,1.4300003051757812,1,0.0
2013-09-20,56.66999816894531,55.68000030517578,56.560001373291016,55.970001220703125,3063800.0,43.29801940917969,55.61700096130371,56.07533812480725,56.45984656600234,46.87529025615469,-0.45833716350354337,-0.6100006103515625,1.0900001525878906,0.3800010681152344,1,0.0
2013-09-23,56.72999954223633,55.540000915527344,55.84000015258789,56.400001525878906,1464200.0,43.63065719604492,55.674000930786136,56.10625844871884,56.4559855956718,50.41376225214838,-0.4322575179327046,0.43000030517578125,1.2900009155273438,0.5699996948242188,1,0.0
2013-09-24,56.45000076293945,56.02000045776367,56.22999954223633,56.2599983215332,1519200.0,43.52235412597656,55.710000610351564,56.12090034136783,56.443341255404796,49.263237315813356,-0.410899731016265,-0.14000320434570312,0.9799995422363281,0.3599967956542969,1,0.0
2013-09-25,56.380001068115234,55.7599983215332,56.209999084472656,55.779998779296875,1069600.0,43.151031494140625,55.78800048828125,56.088433525932494,56.40054496662364,45.43478749721999,-0.3004330376512456,-0.4799995422363281,-1.2100028991699219,0.779998779296875,1,0.0
2013-09-26,56.0,55.33000183105469,55.75,55.63999938964844,1348900.0,43.04273223876953,55.88900032043457,56.04572551295306,56.351477510044596,44.3521460430887,-0.15672519251849337,-0.1399993896484375,-0.94000244140625,1.0099983215332031,1,0.0
2013-09-27,55.70000076293945,55.029998779296875,55.470001220703125,55.150001525878906,1086600.0,42.66366958618164,55.91600036621094,55.960418466565045,56.27396293042101,40.6969494873567,-0.04441810035410754,-0.48999786376953125,-0.8199996948242188,0.2700004577636719,1,0.0
2013-09-30,55.369998931884766,54.81999969482422,55.0,55.13999938964844,1854400.0,42.65591812133789,55.919000244140626,55.88228331638251,56.20080399230665,40.62335333166149,0.03671692775811408,-0.01000213623046875,-1.2600021362304688,0.029998779296875,1,0.0
2013-10-01,55.43000030517578,54.939998626708984,55.18000030517578,55.16999816894531,1188600.0,42.679134368896484,55.90800018310547,55.81444663567421,56.134300390799474,40.96815955578874,0.09355354743126298,0.029998779296875,-1.0900001525878906,-0.1100006103515625,1,0.0
2013-10-02,55.27000045776367,54.72999954223633,55.08000183105469,55.20000076293945,1553800.0,42.70234298706055,55.729000091552734,55.75592798112804,56.07402299545367,41.33508496002327,-0.026927889575304675,0.030002593994140625,-0.5799980163574219,-1.7900009155273438,1,0.0
2013-10-03,55.0,54.380001068115234,54.9900016784668,54.630001068115234,2152400.0,42.26140213012695,55.53400001525879,55.64869684655539,55.98086029046409,36.67149294146275,-0.11469683129659813,-0.5699996948242188,-1.0099983215332031,-1.9500007629394531,1,0.0
2013-10-04,54.77000045776367,54.380001068115234,54.619998931884766,54.5099983215332,1642600.0,42.16857147216797,55.3879997253418,55.54024936798185,55.88596596988791,35.75682817584119,-0.1522496426400508,-0.12000274658203125,-0.6400032043457031,-1.4600028991699219,0,-1.0
2013-10-07,55.25,54.31999969482422,54.31999969482422,54.790000915527344,1959400.0,42.385169982910156,55.22699966430664,55.46879713441476,55.81525854702594,39.545750850763476,-0.2417974701081178,0.2800025939941406,-0.34999847412109375,-1.6100006103515625,0,0.0
2013-10-08,55.97999954223633,54.95000076293945,55.02000045776367,55.41999816894531,3271400.0,42.87253189086914,55.14299964904785,55.46414961389385,55.789757877472354,47.10478700142689,-0.32114996484600056,0.6299972534179688,0.25,-0.8400001525878906,0,0.0
2013-10-09,56.52000045776367,55.41999816894531,55.5,55.83000183105469,2633600.0,43.18971252441406,55.147999954223636,55.49899268219488,55.792354261574445,51.36672267868862,-0.3509927279712457,0.410003662109375,0.6300010681152344,0.0500030517578125,1,1.0
2013-10-10,56.25,54.90999984741211,55.95000076293945,56.15999984741211,2882900.0,43.44499969482422,55.2,55.561945745548904,55.81607333162849,54.541504300142094,-0.36194574554890124,0.3299980163574219,1.529998779296875,0.5200004577636719,0,-1.0
2013-10-11,56.29999923706055,55.900001525878906,56.16999816894531,56.2599983215332,1934900.0,43.52235412597656,55.31099967956543,55.628426943261694,55.844713653557825,55.48972049659261,-0.31742726369626695,0.09999847412109375,1.75,1.1099967956542969,1,1.0
2013-10-14,56.16999816894531,55.29999923706055,56.0,55.959999084472656,1960100.0,43.29027557373047,55.39299964904785,55.66000524242464,55.852151423294266,51.986296887547056,-0.267005593376787,-0.2999992370605469,1.1699981689453125,0.8199996948242188,1,0.0
2013-10-15,55.959999084472656,55.27000045776367,55.790000915527344,55.310001373291016,1651300.0,42.787445068359375,55.40699996948242,55.62667154060239,55.817174000713415,45.31114017481247,-0.21967157111996727,-0.6499977111816406,-0.10999679565429688,0.14000320434570312,1,0.0
2013-10-16,55.86000061035156,55.25,55.560001373291016,55.849998474121094,2237100.0,43.20518493652344,55.47199974060059,55.64794077236607,55.8192917086752,50.946327934919495,-0.1759410317654826,0.5399971008300781,0.01999664306640625,0.6499977111816406,1,0.0
2013-10-17,56.79999923706055,55.36000061035156,55.66999816894531,56.75,1696400.0,43.90140914916992,55.683999633789064,55.75289879404549,55.87933740488971,58.60262575145201,-0.06889916025642862,0.9000015258789062,0.5900001525878906,2.1199989318847656,1,0.0
2013-10-18,57.060001373291016,56.540000915527344,56.91999816894531,56.86000061035156,3309100.0,43.98651123046875,55.9189998626709,55.858337062265115,55.94260599879048,59.43597090313356,0.060662800405786754,0.1100006103515625,0.6000022888183594,2.3500022888183594,1,0.0
2013-10-21,56.90999984741211,56.34000015258789,56.63999938964844,56.650001525878906,1691100.0,43.824058532714844,56.10499992370605,55.933733677847385,55.98824441989296,57.07388053245098,0.1712662458586678,-0.20999908447265625,0.69000244140625,1.8600006103515625,1,0.0
2013-10-22,58.130001068115234,56.70000076293945,56.70000076293945,57.86000061035156,3015200.0,44.7601203918457,56.34900016784668,56.11718767141921,56.109002883793515,65.56554279962083,0.23181249642747304,1.2099990844726562,2.549999237060547,2.44000244140625,1,0.0
2013-10-23,59.2400016784668,58.0,58.189998626708984,58.349998474121094,3040900.0,45.13916778564453,56.60099983215332,56.32983631929558,56.25358324445982,68.30030747240494,0.2711635128577399,0.48999786376953125,2.5,2.5199966430664062,1,0.0
2013-10-24,58.689998626708984,57.90999984741211,58.56999969482422,58.220001220703125,1339900.0,45.038597106933594,56.80699996948242,56.50985202419154,56.38044892034648,66.78489915174077,0.29714794529088095,-0.12999725341796875,1.470001220703125,2.0600013732910156,1,0.0
2013-10-25,58.59000015258789,57.77000045776367,58.150001525878906,58.59000015258789,1367600.0,45.324832916259766,57.04000015258789,56.7079613697531,56.52300061274916,68.89994206695351,0.33203878283479327,0.3699989318847656,1.7299995422363281,2.3300018310546875,1,0.0
2013-10-28,58.79999923706055,58.22999954223633,58.439998626708984,58.41999816894531,6990800.0,45.19331359863281,57.28600006103515,56.87101249348569,56.64538755185859,66.79534947762488,0.41498756754945987,-0.17000198364257812,1.7699966430664062,2.4599990844726562,1,0.0
2013-10-29,58.630001068115234,58.13999938964844,58.41999816894531,58.459999084472656,1437600.0,45.22425842285156,57.60099983215332,57.02234454977017,56.762459263640146,67.05038469435293,0.5786552823831528,0.04000091552734375,0.5999984741210938,3.1499977111816406,1,0.0
2013-10-30,58.880001068115234,58.150001525878906,58.41999816894531,58.16999816894531,1250500.0,44.99992370605469,57.832999801635744,57.131644894453515,56.85326822527274,63.257024181257144,0.7013549071822283,-0.29000091552734375,-0.18000030517578125,2.3199996948242188,1,0.0
2013-10-31,58.43000030517578,57.40999984741211,58.22999954223633,58.220001220703125,1988200.0,45.038597106933594,57.97999992370605,57.23529787790586,56.941444547558575,63.6390040199881,0.7447020458001958,0.0500030517578125,0.0,1.470001220703125,1,0.0
2013-11-01,58.65999984741211,58.119998931884766,58.43000030517578,58.40999984741211,1283000.0,45.18558883666992,58.13499984741211,57.34717425595407,57.036190050774934,65.12270880053269,0.7878255914580379,0.18999862670898438,-0.18000030517578125,1.5499992370605469,1,0.0
2013-11-04,58.75,58.119998931884766,58.65999984741211,58.63999938964844,1681300.0,45.36351013183594,58.33399963378906,57.47030045916306,57.13966162102484,66.88430664758653,0.8636991746259994,0.22999954223632812,0.220001220703125,1.9899978637695312,1,0.0
2013-11-05,59.20000076293945,58.33000183105469,58.4900016784668,58.349998474121094,2113100.0,45.13916778564453,58.382999420166016,57.5540812224924,57.217747869611706,62.59154499433352,0.828918197673616,-0.29000091552734375,-0.1100006103515625,0.48999786376953125,1,0.0
2013-11-06,58.83000183105469,58.40999984741211,58.56999969482422,58.81999969482422,2308800.0,45.502750396728516,58.42999954223633,57.674644886524,57.32111895510929,66.35991806596402,0.7553546557123312,0.470001220703125,0.6500015258789062,0.470001220703125,1,0.0
2013-11-07,59.130001068115234,58.34000015258789,58.88999938964844,58.54999923706055,7001800.0,45.29388427734375,58.46299934387207,57.75801196752748,57.40040155394486,62.46691811926607,0.7049873763445902,-0.2700004577636719,0.3299980163574219,0.3299980163574219,1,0.0
2013-11-08,57.630001068115234,56.2400016784668,57.619998931884766,57.27000045776367,3434300.0,44.77399444580078,58.33099937438965,57.711534680883304,57.391988579997694,48.069671366230494,0.6194646935063446,-1.279998779296875,-1.1399993896484375,-1.3199996948242188,0,-1.0
2013-11-11,57.380001068115234,56.849998474121094,57.25,57.150001525878906,1605000.0,44.68016815185547,58.20399971008301,57.65805533278765,57.37637651199003,46.9765632536267,0.5459443772953634,-0.11999893188476562,-1.4899978637695312,-1.2699966430664062,0,0.0
2013-11-12,57.099998474121094,56.36000061035156,56.95000076293945,56.83000183105469,1673200.0,44.42999267578125,58.04099998474121,57.57919309452737,57.34112653257485,44.09680547292811,0.46180689021384325,-0.31999969482421875,-1.5199966430664062,-1.6299972534179688,0,0.0
2013-11-13,57.15999984741211,56.310001373291016,56.560001373291016,57.130001068115234,1736000.0,44.6645393371582,57.9370002746582,57.53641290153574,57.327505534867775,47.3550714199088,0.4005873731224625,0.2999992370605469,-1.6899986267089844,-1.0399971008300781,0,0.0
2013-11-14,57.849998474121094,57.13999938964844,57.27000045776367,57.54999923706055,1282300.0,44.992889404296875,57.87000007629395,57.53770683825238,57.34185996726732,51.60752577948339,0.3322932380415651,0.4199981689453125,-1.0,-0.6700019836425781,1,1.0
2013-11-15,58.20000076293945,57.40999984741211,57.560001373291016,58.06999969482422,2188200.0,45.39942932128906,57.83600006103516,57.588401396021126,57.3888367238839,56.31273549058859,0.24759866501403138,0.5200004577636719,0.7999992370605469,-0.3400001525878906,1,0.0
2013-11-18,58.279998779296875,57.83000183105469,58.0,58.220001220703125,1616400.0,45.51669692993164,57.794000244140626,57.648553760276556,57.44246023980772,57.59361719116967,0.14544648386407033,0.15000152587890625,1.0699996948242188,-0.4199981689453125,1,0.0
2013-11-19,58.2400016784668,57.52000045776367,58.08000183105469,57.84000015258789,1328600.0,45.219608306884766,57.7430004119873,57.66678675002049,57.46810797611612,53.327987166447706,0.07621366196681123,-0.3800010681152344,1.0099983215332031,-0.5099983215332031,1,0.0
2013-11-20,57.720001220703125,56.83000183105469,57.439998626708984,56.939998626708984,2447100.0,44.515987396240234,57.55500030517578,57.597568833514636,57.43403640518663,44.85456917367618,-0.042568528338854605,-0.9000015258789062,-0.19000244140625,-1.8800010681152344,1,0.0
2013-11-21,56.7400016784668,56.04999923706055,56.689998626708984,56.2400016784668,3242500.0,43.968719482421875,57.32400054931641,57.46827672351008,57.35700190668858,39.58610752423346,-0.14427617419367067,-0.6999969482421875,-1.30999755859375,-2.30999755859375,0,-1.0
2013-11-22,56.400001525878906,55.88999938964844,56.11000061035156,55.91999816894531,2018900.0,43.718544006347656,57.18900032043457,57.32082162307534,57.264291988124505,37.42214804609085,-0.1318213026407662,-0.3200035095214844,-2.1500015258789062,-1.3500022888183594,0,0.0
2013-11-25,56.27000045776367,55.79999923706055,56.0099983215332,55.86000061035156,1792400.0,43.6716423034668,57.06000022888183,57.18169581233974,57.17369254439723,37.01361113344199,-0.12169558345790676,-0.05999755859375,-2.3600006103515625,-1.2900009155273438,0,0.0
2013-11-26,55.79999923706055,55.11000061035156,55.79999923706055,55.18000030517578,2606300.0,43.1400146484375,56.89500007629395,56.99105814499079,57.045067238641,32.661509269013536,-0.0960580686968413,-0.6800003051757812,-2.6599998474121094,-1.6500015258789062,0,0.0
2013-11-27,55.29999923706055,55.0,55.150001525878906,55.189998626708984,1296700.0,43.147830963134766,56.70099983215332,56.81952866705919,56.92538539270991,32.78664917250788,-0.11852883490586663,0.009998321533203125,-1.75,-1.94000244140625,0,0.0
2013-11-29,55.619998931884766,55.13999938964844,55.20000076293945,55.209999084472656,827400.0,43.1634635925293,56.46699981689453,56.66624013538428,56.81471530830751,33.05465875197481,-0.19924031848974977,0.020000457763671875,-1.0300025939941406,-2.3400001525878906,0,0.0
2013-12-02,55.41999816894531,54.70000076293945,55.209999084472656,55.08000183105469,1687900.0,43.06182098388672,56.168000030517575,56.51516982068622,56.702798309775076,32.15712476082351,-0.3471697901686426,-0.12999725341796875,-0.839996337890625,-2.9899978637695312,0,0.0
2013-12-03,55.36000061035156,54.810001373291016,55.08000183105469,55.29999923706055,1421100.0,43.23383331298828,55.87599983215332,56.39943928891235,56.612295143793496,35.35612081086667,-0.5234394567590286,0.21999740600585938,-0.5600013732910156,-2.920001983642578,0,0.0
2013-12-04,55.599998474121094,54.7599983215332,55.0099983215332,55.54999923706055,1706900.0,43.42927932739258,55.646999740600585,56.318540236355034,56.54375992400428,38.882908136703065,-0.6715404957544493,0.25,0.3699989318847656,-2.2900009155273438,0,0.0
2013-12-05,55.58000183105469,54.83000183105469,55.36000061035156,54.959999084472656,1782400.0,42.9680061340332,55.44899978637695,56.18915536474719,56.44158180532482,34.14797725662716,-0.7401555783702349,-0.5900001525878906,-0.22999954223632812,-1.9799995422363281,0,0.0
2013-12-06,55.869998931884766,55.119998931884766,55.189998626708984,55.849998474121094,1549600.0,43.663822174072266,55.409999465942384,56.15685470849708,56.40341513879555,45.02358611777027,-0.7468552425546946,0.8899993896484375,0.6399993896484375,-0.3900032043457031,0,0.0
2013-12-09,55.849998474121094,54.9900016784668,55.75,55.560001373291016,2055700.0,43.437103271484375,55.373999786376956,56.100011533715545,56.34900134747269,42.55728014145517,-0.726011747338589,-0.2899971008300781,0.4799995422363281,-0.3599967956542969,0,0.0
2013-12-10,55.54999923706055,54.810001373291016,55.40999984741211,54.84000015258789,1855400.0,42.87419891357422,55.271999740600585,55.98001044979863,56.25164643167367,37.12046529541153,-0.7080107091980423,-0.720001220703125,-0.45999908447265625,-1.0200004577636719,0,0.0
2013-12-11,54.970001220703125,54.43000030517578,54.81999969482422,54.459999084472656,1770900.0,42.57712173461914,55.19999961853027,55.83524746262473,56.13605628024135,34.607550258176886,-0.635247844094458,-0.3800010681152344,-1.0900001525878906,-0.720001220703125,0,0.0
2013-12-12,54.900001525878906,54.33000183105469,54.529998779296875,54.400001525878906,2058900.0,42.530208587646484,55.12099990844727,55.69855737341084,56.02405274770184,34.21372981208965,-0.5775574649635757,-0.05999755859375,-0.55999755859375,-0.7899971008300781,0,0.0
2013-12-13,54.70000076293945,54.16999816894531,54.470001220703125,54.33000183105469,1293300.0,42.47547912597656,55.03300018310547,55.56821875032931,55.914759140176216,33.73143841606749,-0.5352185672238363,-0.06999969482421875,-1.5199966430664062,-0.8799972534179688,0,0.0
2013-12-16,54.97999954223633,54.290000915527344,54.81999969482422,54.59000015258789,2076200.0,42.67874526977539,54.984000015258786,55.47505507435393,55.82929081839632,37.26858654040639,-0.4910550590951459,0.2599983215332031,-0.970001220703125,-0.4900016784667969,0,0.0
2013-12-17,55.130001068115234,54.540000915527344,54.59000015258789,54.7599983215332,2769300.0,42.81166076660156,54.929999923706056,55.40695443122815,55.76030420569548,39.54088750809745,-0.4769545075220947,0.1699981689453125,-0.0800018310546875,-0.5400009155273438,0,0.0
2013-12-18,55.5,54.279998779296875,54.72999954223633,55.40999984741211,2207200.0,43.319828033447266,54.91599998474121,55.40724447086472,55.73770392451591,47.388165556873815,-0.4912444861235059,0.6500015258789062,0.9500007629394531,-0.1399993896484375,0,0.0
2013-12-19,55.220001220703125,54.5099983215332,55.220001220703125,54.849998474121094,1439100.0,42.88201141357422,54.90499992370606,55.3541734235558,55.68043260513561,42.29481254906297,-0.4491734998497421,-0.5600013732910156,0.4499969482421875,-0.1100006103515625,0,0.0
2013-12-20,55.45000076293945,54.70000076293945,54.91999816894531,54.77000045776367,3893300.0,42.81947326660156,54.797000122070315,55.298537903004174,55.62169504724064,41.60683639587796,-0.5015377809338588,-0.07999801635742188,0.4399986267089844,-1.0799980163574219,0,0.0
2013-12-23,55.150001525878906,54.61000061035156,54.97999954223633,54.77000045776367,2313900.0,42.81947326660156,54.71800003051758,55.24820100345745,55.56674700920987,41.60683639587796,-0.5302009729398733,0.0,0.18000030517578125,-0.7900009155273438,0,0.0
2013-12-24,55.560001373291016,54.68000030517578,54.84000015258789,55.22999954223633,1298800.0,43.17910385131836,54.75699996948242,55.2464675309602,55.54502136617932,47.321216600069256,-0.48946756147778103,0.45999908447265625,0.470001220703125,0.3899993896484375,0,0.0
2013-12-26,55.34000015258789,54.779998779296875,55.189998626708984,54.9900016784668,1446400.0,42.9914665222168,54.81000022888183,55.22204221167512,55.50921364439142,44.85488230867994,-0.4120419827932835,-0.23999786376953125,-0.4199981689453125,0.5300025939941406,0,0.0
2013-12-27,55.369998931884766,54.849998474121094,55.0,55.04999923706055,1048800.0,43.038387298583984,54.875,55.20565716647373,55.4795869084346,45.61794902059037,-0.33065716647372767,0.05999755859375,0.20000076293945312,0.6499977111816406,0,0.0
2013-12-30,55.34000015258789,55.02000045776367,55.099998474121094,55.22999954223633,1163100.0,43.17910385131836,54.964999771118165,55.20797548797493,55.46348449771213,47.945186392056605,-0.2429757168567619,0.18000030517578125,0.45999908447265625,0.8999977111816406,0,0.0
2013-12-31,55.599998474121094,55.0,55.15999984741211,55.279998779296875,2072100.0,43.218196868896484,55.033999633789065,55.21483484905321,55.45164670942728,48.60314184542228,-0.18083521526414614,0.049999237060546875,0.5099983215332031,0.6899986267089844,0,0.0
