Date,High,Low,Open,Close,Volume,Adj Close,signal,sma10,ema20,ema30,rsi,macd,positions,inflection,pivot,price
2012-01-03,179.47999572753906,175.5500030517578,175.88999938964844,179.02999877929688,5110800,179.02999877929688,0.0,,,,,,,0.0,0.0,179.02999877929688
2012-01-04,180.5,176.07000732421875,179.2100067138672,177.50999450683594,4205200,177.50999450683594,0.0,,,,,,0.0,0.0,0.0,177.50999450683594
2012-01-05,178.25,174.0500030517578,175.94000244140625,177.61000061035156,3809100,177.61000061035156,0.0,,,,,,0.0,0.0,0.0,177.61000061035156
2012-01-06,184.64999389648438,177.5,178.07000732421875,182.61000061035156,7008400,182.61000061035156,0.0,,,,,,0.0,0.0,0.0,182.61000061035156
2012-01-09,184.3699951171875,177.0,182.75999450683594,178.55999755859375,5056900,178.55999755859375,0.0,,,,,,0.0,0.0,0.0,178.55999755859375
2012-01-10,182.39999389648438,177.10000610351562,181.10000610351562,179.33999633789062,3985800,179.33999633789062,0.0,,,,,,0.0,0.0,0.0,179.33999633789062
2012-01-11,180.77000427246094,178.19000244140625,179.63999938964844,178.89999389648438,3102700,178.89999389648438,0.0,,,,,,0.0,0.0,0.0,178.89999389648438
2012-01-12,179.49000549316406,175.75,179.4199981689453,175.92999267578125,5385800,175.92999267578125,0.0,,,,,,0.0,0.0,0.0,175.92999267578125
2012-01-13,178.8000030517578,173.5,175.80999755859375,178.4199981689453,4753500,178.4199981689453,0.0,,,,,,0.0,0.0,0.0,178.4199981689453
2012-01-17,183.3000030517578,178.50999450683594,180.14999389648438,181.66000366210938,5644500,181.66000366210938,0.0,178.95699768066407,,,,,0.0,0.0,0.0,181.66000366210938
2012-01-18,190.25,181.1199951171875,181.94000244140625,189.44000244140625,7473500,189.44000244140625,0.0,179.997998046875,,,,,0.0,0.0,0.0,189.44000244140625
2012-01-19,195.94000244140625,190.36000061035156,190.8800048828125,194.4499969482422,7096000,194.4499969482422,0.0,181.69199829101564,,,,,0.0,0.0,0.0,194.4499969482422
2012-01-20,192.89999389648438,189.0399932861328,190.7100067138672,190.92999267578125,5610300,190.92999267578125,0.0,183.02399749755858,,,,,0.0,0.0,0.0,190.92999267578125
2012-01-23,191.72999572753906,185.22999572753906,190.7899932861328,186.08999633789062,4585300,186.08999633789062,0.0,183.3719970703125,,,,,0.0,0.0,0.0,186.08999633789062
2012-01-24,188.41000366210938,183.82000732421875,185.0,187.0,4673800,187.0,0.0,184.21599731445312,,,58.791539637268635,,0.0,0.0,0.0,187.0
2012-01-25,188.1699981689453,184.61000061035156,186.99000549316406,187.8000030517578,4306400,187.8000030517578,0.0,185.06199798583984,,,59.97083992127503,,0.0,0.0,0.0,187.8000030517578
2012-01-26,194.85000610351562,188.72999572753906,189.3000030517578,193.32000732421875,5873600,193.32000732421875,0.0,186.50399932861328,,,66.9904111207484,,0.0,0.0,0.0,193.32000732421875
2012-01-27,196.5,192.3300018310547,193.08999633789062,195.3699951171875,4659000,195.3699951171875,0.0,188.4479995727539,,,69.15378942227107,,0.0,0.0,0.0,195.3699951171875
2012-01-30,195.0,190.1300048828125,193.67999267578125,192.14999389648438,5424100,192.14999389648438,0.0,189.8209991455078,,,62.25238048437435,,0.0,0.0,0.0,192.14999389648438
2012-01-31,195.6300048828125,189.6999969482422,194.0,194.44000244140625,12772200,194.44000244140625,0.0,191.0989990234375,185.0279983520508,,64.9327188571338,6.071000671386713,0.0,0.0,0.0,194.44000244140625
2012-02-01,179.9499969482422,172.0,173.80999755859375,179.4600067138672,21336600,179.4600067138672,0.0,190.1009994506836,184.49771343412854,,43.28218857330995,5.603286016555046,0.0,0.0,0.0,179.4600067138672
2012-02-02,181.94000244140625,176.8000030517578,179.64999389648438,181.72000122070312,8736300,181.72000122070312,0.0,188.8279998779297,184.23316941380233,,46.19688130275989,4.594830464127369,0.0,0.0,0.0,181.72000122070312
2012-02-03,187.89999389648438,181.88999938964844,182.8300018310547,187.67999267578125,8120500,187.67999267578125,0.0,188.50299987792968,184.56143829589558,,53.0492233145723,3.9415615820340975,0.0,0.0,0.0,187.67999267578125
2012-02-06,186.55999755859375,182.9199981689453,186.27999877929688,183.13999938964844,5310000,183.13999938964844,0.0,188.20800018310547,184.42606316196728,,48.03102633566719,3.781937021138191,0.0,0.0,0.0,183.13999938964844
2012-02-07,184.94000244140625,182.05999755859375,182.64999389648438,184.19000244140625,5103900,184.19000244140625,0.0,187.9270004272461,184.40358118858052,,49.22726885323255,3.523419238665582,0.0,0.0,0.0,184.19000244140625
2012-02-08,186.49000549316406,182.91000366210938,184.9499969482422,185.47999572753906,5476600,185.47999572753906,0.0,187.69499969482422,184.50609685895753,,50.72784562033783,3.188902835866685,0.0,0.0,0.0,185.47999572753906
2012-02-09,185.69000244140625,181.75999450683594,184.5,184.97999572753906,7189200,184.97999572753906,0.0,186.86099853515626,184.5512300845367,,50.109663532405406,2.3097684506195435,0.0,0.0,0.0,184.97999572753906
2012-02-10,187.6300048828125,182.52000427246094,183.4199981689453,185.5399932861328,5797100,185.5399932861328,0.0,185.87799835205078,184.64539800849823,,50.83235055766821,1.2326003435525479,0.0,0.0,0.0,185.5399932861328
2012-02-13,192.5,185.67999267578125,187.1699981689453,191.58999633789062,6071400,191.58999633789062,0.0,185.8219985961914,185.30678832558323,,57.923652832103606,0.5152102706081791,0.0,0.0,0.0,191.58999633789062
2012-02-14,193.57000732421875,186.10000610351562,191.0800018310547,191.3000030517578,9527100,191.3000030517578,1.0,185.50799865722655,185.877570680457,185.18799845377603,57.49559919757157,-0.3695720232304609,1.0,0.0,0.0,191.3000030517578
2012-02-15,191.5399932861328,183.25999450683594,191.2899932861328,184.47000122070312,7794400,184.47000122070312,1.0,186.00899810791014,185.74351644619475,185.14167605164232,48.419836608014556,0.26548166171539833,0.0,0.0,0.0,184.47000122070312
2012-02-16,181.67999267578125,175.13999938964844,177.7899932861328,179.92999267578125,12563800,179.92999267578125,1.0,185.82999725341796,185.1898475156792,184.80543841449003,43.50399179571618,0.640149737738767,0.0,0.0,0.0,179.92999267578125
2012-02-17,183.41000366210938,179.36000061035156,180.08999633789062,182.5,7418100,182.5,1.0,185.31199798583984,184.93367156180497,184.6567004522649,46.796860963184585,0.37832642403486716,0.0,0.0,0.0,182.5
2012-02-21,184.75,180.5800018310547,182.64999389648438,182.25999450683594,6756500,182.25999450683594,1.0,185.2239974975586,184.6790356518079,184.50207426223722,46.52414746133125,0.5449618457506915,0.0,0.0,0.0,182.25999450683594
2012-02-22,182.99000549316406,180.2899932861328,181.9499969482422,180.5800018310547,5785400,180.5800018310547,1.0,184.86299743652344,184.28865147840284,184.2490373311932,44.56634951130297,0.5743459581206025,0.0,0.0,0.0,180.5800018310547
2012-02-23,180.75,176.9600067138672,179.63999938964844,178.88999938964844,5153800,178.88999938964844,1.0,184.20399780273436,183.7744941366167,183.90329294786773,42.62322607257542,0.4295036661176539,0.0,0.0,0.0,178.88999938964844
2012-02-24,180.74000549316406,178.3699951171875,179.6999969482422,179.1300048828125,3668700,179.1300048828125,1.0,183.6189987182617,183.33216182673058,183.5953388791545,43.0032943446227,0.2868368915311237,0.0,0.0,0.0,179.1300048828125
2012-02-27,179.19000244140625,176.5,177.5399932861328,178.52999877929688,3706200,178.52999877929688,0.0,182.91799926757812,182.87481296507025,183.26854274367983,42.24981820361723,0.04318630250787692,-1.0,0.0,0.0,178.52999877929688
2012-02-28,184.2899932861328,177.9499969482422,178.89999389648438,183.8000030517578,5764500,183.8000030517578,0.0,182.13899993896484,182.96292630665954,183.30283050549133,50.46017821111795,-0.8239263676946962,0.0,0.0,0.0,183.8000030517578
2012-02-29,184.0,179.00999450683594,183.88999938964844,179.69000244140625,5300300,179.69000244140625,0.0,180.97799987792968,182.65121927187352,183.06974482393747,45.07765664685956,-1.673219393943839,0.0,0.0,0.0,179.69000244140625
2012-03-01,180.49000549316406,176.5800018310547,179.88999938964844,180.0399932861328,4936000,180.0399932861328,0.0,180.53499908447264,182.40253108275536,182.87427698278879,45.609713238409306,-1.8675319982827148,0.0,0.0,0.0,180.0399932861328
2012-03-02,181.83999633789062,178.9199981689453,179.47999572753906,179.3000030517578,3657800,179.3000030517578,0.0,180.4720001220703,182.10705222266037,182.64367866465778,44.62537438094336,-1.635052100590059,0.0,0.0,0.0,179.3000030517578
2012-03-05,181.82000732421875,178.17999267578125,179.0,180.25999450683594,4682700,180.25999450683594,0.0,180.2479995727539,181.9311419640104,182.4898925899596,46.24615010928974,-1.6831423912564958,0.0,0.0,0.0,180.25999450683594
2012-03-06,183.5,178.0399932861328,178.67999267578125,181.08999633789062,5612200,181.08999633789062,0.0,180.13099975585936,181.85103285676092,182.39957670272935,47.67221996007543,-1.72003310090156,0.0,0.0,0.0,181.08999633789062
2012-03-07,185.5,182.39999389648438,182.64999389648438,183.77000427246094,4951500,183.77000427246094,0.0,180.45,182.03379203920852,182.48799138464753,52.09181665216577,-1.5837920392085323,0.0,0.0,0.0,183.77000427246094
2012-03-08,188.3800048828125,183.8000030517578,184.1699981689453,187.63999938964844,4221500,187.63999938964844,0.0,181.325,182.56771654877423,182.8203789978734,57.65373332444888,-1.24271654877424,0.0,0.0,0.0,187.63999938964844
2012-03-09,187.1999969482422,183.44000244140625,186.7899932861328,184.32000732421875,4510600,184.32000732421875,0.0,181.84400024414063,182.73460138453086,182.91712921247634,52.0689665044626,-0.8906011403902312,0.0,0.0,0.0,184.32000732421875
2012-03-12,185.39999389648438,182.1999969482422,184.1300048828125,183.38999938964844,2587600,183.38999938964844,0.0,182.3300003051758,182.79702024216112,182.9476369658423,50.59060126575294,-0.46701993698533784,0.0,0.0,0.0,183.38999938964844
2012-03-13,184.8699951171875,180.77000427246094,183.9199981689453,184.58999633789062,4405800,184.58999633789062,0.0,182.40899963378905,182.96777987032584,183.0535956350067,52.46596551513793,-0.5587802365367907,0.0,0.0,0.0,184.58999633789062
2012-03-14,184.32000732421875,181.13999938964844,183.64999389648438,182.25999450683594,3699700,182.25999450683594,0.0,182.66599884033204,182.90037174046967,183.0023955622215,48.60811292619495,-0.2343729001376289,0.0,0.0,0.0,182.25999450683594
2012-03-15,184.42999267578125,180.3000030517578,182.02000427246094,184.42999267578125,4160100,184.42999267578125,1.0,183.10499877929686,183.04604992478505,183.094498601806,52.137892350210016,0.05894885451181153,1.0,0.0,0.0,184.42999267578125
2012-03-16,185.67999267578125,182.35000610351562,183.27999877929688,185.0500030517578,4934000,185.0500030517578,1.0,183.67999877929688,183.23690260354437,183.22066017922228,53.12846526694796,0.44309617575251536,0.0,0.0,0.0,185.0500030517578
2012-03-19,186.67999267578125,183.0,183.4499969482422,185.52000427246094,3903400,185.52000427246094,1.0,184.20599975585938,183.4543408577269,183.36900495943124,53.90724035931984,0.7516588981324901,0.0,0.0,0.0,185.52000427246094
2012-03-20,194.41000366210938,182.8800048828125,184.8800048828125,192.3300018310547,9165400,192.3300018310547,1.0,185.3300003051758,184.29964190280572,183.94713378985855,63.39694797580755,1.0303584023700694,0.0,0.0,0.0,192.3300018310547
2012-03-21,194.27999877929688,191.25999450683594,192.5,191.72999572753906,4214400,191.72999572753906,1.0,186.1259994506836,185.00729464801842,184.4492539148702,62.18221806386814,1.118704802665178,0.0,0.0,0.0,191.72999572753906
2012-03-22,194.05999755859375,190.25999450683594,190.5399932861328,192.39999389648438,3739600,192.39999389648438,1.0,186.60199890136718,185.7113612431104,184.96220488142598,63.03397707048614,0.890637658256793,0.0,0.0,0.0,192.39999389648438
2012-03-23,196.1999969482422,191.8000030517578,192.00999450683594,195.0399932861328,5984000,195.0399932861328,1.0,187.6739974975586,186.5998023900649,185.61238477850384,66.25873375780233,1.0741951074936935,0.0,0.0,0.0,195.0399932861328
2012-03-26,202.97000122070312,195.5,196.47999572753906,202.8699951171875,7613700,202.8699951171875,1.0,189.6219970703125,188.14934455455275,186.7257789939028,73.6115117734831,1.4726525157597337,0.0,0.0,0.0,202.8699951171875
2012-03-27,209.85000610351562,202.8800048828125,203.58999633789062,205.44000244140625,9600800,205.44000244140625,1.0,191.70699768066407,189.79607387711022,187.93314824858044,75.49878540746465,1.9109238035538567,0.0,0.0,0.0,205.44000244140625
2012-03-28,207.0,200.30999755859375,206.13999938964844,201.16000366210938,6245000,201.16000366210938,1.0,193.5969985961914,190.878352904253,188.7864937591307,66.91571890099684,2.7186456919384057,0.0,0.0,0.0,201.16000366210938
2012-03-29,205.30999755859375,200.6300048828125,201.27999877929688,204.61000061035156,5711200,204.61000061035156,1.0,195.61499938964843,192.1861288762624,189.80736516888692,69.8874517865709,3.4288705133860446,0.0,0.0,0.0,204.61000061035156
2012-03-30,206.85000610351562,201.8699951171875,205.02000427246094,202.50999450683594,4438100,202.50999450683594,1.0,197.36099853515626,193.16935417441226,190.62688964230298,66.00123807424316,4.191644360743993,0.0,0.0,0.0,202.50999450683594
2012-04-02,199.89999389648438,197.0,198.02000427246094,198.0500030517578,6430300,198.0500030517578,1.0,198.61399841308594,193.6341778770166,191.10580018484848,58.55419840673021,4.979820536069326,0.0,0.0,0.0,198.0500030517578
2012-04-03,202.38999938964844,197.5,198.24000549316406,199.66000366210938,5000700,199.66000366210938,1.0,199.3469985961914,194.20806604702543,191.65768428015565,60.2957843214616,5.138932549165986,0.0,0.0,0.0,199.66000366210938
2012-04-04,197.67999267578125,192.36000061035156,196.9499969482422,193.99000549316406,5456900,193.99000549316406,1.0,199.5729995727539,194.18729837522912,191.80815661647878,52.00738051808656,5.3857011975247815,0.0,0.0,0.0,193.99000549316406
2012-04-05,196.02999877929688,193.5500030517578,193.5500030517578,194.38999938964844,3217500,194.38999938964844,1.0,199.77200012207032,194.20660323374526,191.9747271179736,52.50340324349805,5.565396888325068,0.0,0.0,0.0,194.38999938964844
2012-04-09,194.1999969482422,190.5,192.02000427246094,191.8699951171875,3135900,191.8699951171875,1.0,199.4550003051758,193.98406912740643,191.9679702146971,49.06296693154432,5.4709311777693586,0.0,0.0,0.0,191.8699951171875
2012-04-10,193.52000427246094,186.57000732421875,192.75,186.97999572753906,4455000,186.97999572753906,1.0,197.86600036621093,193.31701451789525,191.646165409074,43.1536675824032,4.548985848315681,0.0,0.0,0.0,186.97999572753906
2012-04-11,191.97000122070312,186.7899932861328,189.6300048828125,187.97000122070312,4337800,187.97000122070312,1.0,196.11900024414064,192.80777515625792,191.40899352595332,44.60825789347878,3.3112250878827183,0.0,0.0,0.0,187.97000122070312
2012-04-12,192.25999450683594,185.61000061035156,188.05999755859375,190.69000244140625,4027900,190.69000244140625,1.0,195.0720001220703,192.60608251674824,191.36260700436966,48.506817277174775,2.465917605322062,0.0,0.0,0.0,190.69000244140625
2012-04-13,189.94000244140625,186.25999450683594,189.89999389648438,188.4600067138672,3431800,188.4600067138672,1.0,193.45700073242188,192.2112181545691,191.17534246949856,45.66890268103459,1.245782577852765,0.0,0.0,0.0,188.4600067138672
2012-04-16,189.47000122070312,183.64999389648438,189.00999450683594,185.5,4044300,185.5,1.0,191.7560012817383,191.5720545208006,190.80919134243416,42.144310724981764,0.1839467609376868,0.0,0.0,0.0,185.5
2012-04-17,190.0399932861328,186.8699951171875,187.2100067138672,188.38999938964844,2829200,188.38999938964844,1.0,190.79000091552734,191.26900165116706,190.65311444225446,46.4868016157419,-0.47900073563971546,0.0,0.0,0.0,188.38999938964844
2012-04-18,193.4499969482422,188.74000549316406,188.82000732421875,191.07000732421875,4001900,191.07000732421875,0.0,189.93100128173828,191.25004981050532,190.6800107572199,50.218318556823675,-1.3190485287670413,-1.0,0.0,0.0,191.07000732421875
2012-04-19,194.5500030517578,189.75,192.92999267578125,191.10000610351562,4002400,191.10000610351562,0.0,189.64200134277343,191.23575993364918,190.70710723117446,50.260128670931195,-1.5937585908757512,0.0,0.0,0.0,191.10000610351562
2012-04-20,193.47999572753906,189.8000030517578,192.33999633789062,189.97999572753906,3243600,189.97999572753906,0.0,189.2010009765625,191.11616334259105,190.66019681158508,48.61834800887353,-1.9151623660285395,0.0,0.0,0.0,189.97999572753906
2012-04-23,188.99000549316406,185.50999450683594,188.99000549316406,188.24000549316406,3481000,188.24000549316406,0.0,188.83800201416017,190.84224354740752,190.5040554362031,46.09897618373242,-2.0042415332473524,0.0,0.0,0.0,188.24000549316406
2012-04-24,190.6999969482422,186.50999450683594,188.67999267578125,190.3300018310547,3376300,190.3300018310547,0.0,189.17300262451172,190.7934586220406,190.4928261713548,49.485042502352734,-1.6204559975288646,0.0,0.0,0.0,190.3300018310547
2012-04-25,194.8000030517578,191.60000610351562,191.6699981689453,194.4199981689453,3955100,194.4199981689453,0.0,189.81800231933593,191.13884334079341,190.74619210668322,55.39091225456159,-1.3208410214574826,0.0,0.0,0.0,194.4199981689453
2012-04-26,196.36000061035156,193.02000427246094,193.57000732421875,195.99000549316406,10234000,195.99000549316406,0.0,190.3480026245117,191.60085878387633,191.0845026477465,57.44752327383513,-1.252856159364626,0.0,0.0,0.0,195.99000549316406
2012-04-27,228.69000244140625,220.22000122070312,224.8300018310547,226.85000610351562,22116900,226.85000610351562,1.0,194.18700256347657,194.95792043336579,193.39195448360258,78.46431552441119,-0.7709178698892174,1.0,0.0,0.0,226.85000610351562
2012-04-30,233.83999633789062,223.0500030517578,223.9499969482422,231.89999389648438,9756900,231.89999389648438,1.0,198.827001953125,198.476213144139,195.87634412314335,80.18869831981725,0.3507888089860103,0.0,0.0,0.0,231.89999389648438
2012-05-01,232.97000122070312,228.39999389648438,229.39999389648438,230.0399932861328,6754900,230.0399932861328,1.0,202.99200134277345,201.4822874433765,198.0804505207556,77.72029080339856,1.5097138993969565,0.0,0.0,0.0,230.0399932861328
2012-05-02,231.44000244140625,227.39999389648438,227.82000732421875,230.25,4593400,230.25,1.0,206.91000061035157,204.22206959162634,200.15590532586813,77.80337061500686,2.687931018725237,0.0,0.0,0.0,230.25
2012-05-03,232.52999877929688,228.02999877929688,229.74000549316406,229.4499969482422,4055500,229.4499969482422,1.0,210.74499969482423,206.62472933987547,202.04584672086003,76.631083214106,4.120270354948758,0.0,0.0,0.0,229.4499969482422
2012-05-04,229.72000122070312,223.74000549316406,227.8000030517578,223.99000549316406,4585200,223.99000549316406,1.0,214.14600067138673,208.2785651639982,203.46159889971835,68.99076180438837,5.867435507388535,0.0,0.0,0.0,223.99000549316406
2012-05-07,226.8699951171875,222.2899932861328,222.36000061035156,225.16000366210938,3314300,225.16000366210938,1.0,217.83800048828124,209.88632121143738,204.86149598116296,69.68818518951255,7.951679276843862,0.0,0.0,0.0,225.16000366210938
2012-05-08,225.38999938964844,218.1999969482422,223.14999389648438,223.89999389648438,4522400,223.89999389648438,1.0,221.19499969482422,211.22095670525135,206.0897861692482,67.91662895620345,9.974042989572865,0.0,0.0,0.0,223.89999389648438
2012-05-09,225.77999877929688,220.16000366210938,220.58999633789062,222.97999572753906,3712000,222.97999572753906,1.0,224.0509994506836,212.34086518356446,207.1794771084928,66.58564105383351,11.710134267119145,0.0,0.0,0.0,222.97999572753906
2012-05-10,229.0800018310547,221.9499969482422,223.91000366210938,226.69000244140625,4648400,226.69000244140625,1.0,227.12099914550782,213.7074496843113,208.4382206783582,69.2064210750278,13.41354946119651,0.0,0.0,0.0,226.69000244140625
2012-05-11,230.67999267578125,225.72999572753906,225.9499969482422,227.67999267578125,4193600,227.67999267578125,1.0,227.20399780273436,215.0381680644513,209.67962532335324,69.88518466590799,12.165829738283065,0.0,0.0,0.0,227.67999267578125
2012-05-14,227.2899932861328,222.50999450683594,225.60000610351562,222.92999267578125,3096600,222.92999267578125,1.0,226.30699768066407,215.78977040838748,210.5344877331873,62.73945627421467,10.517227272276585,0.0,0.0,0.0,222.92999267578125
2012-05-15,230.61000061035156,223.0,226.5,224.38999938964844,5713700,224.38999938964844,1.0,225.74199829101562,216.60883983517425,211.4283917110235,63.95929004271106,9.133158455841368,0.0,0.0,0.0,224.38999938964844
2012-05-16,228.0,222.5,225.0,224.05999755859375,5261800,224.05999755859375,1.0,225.122998046875,217.31847390407134,212.24333402376996,63.453635222730156,7.804524142803672,0.0,0.0,0.0,224.05999755859375
2012-05-17,226.0,218.08999633789062,225.0500030517578,218.36000061035156,4505500,218.36000061035156,1.0,224.01399841308594,217.4176669237171,212.63795767451717,55.318514810141366,6.5963314893688505,0.0,0.0,0.0,218.36000061035156
2012-05-18,219.6300048828125,212.80999755859375,219.41000366210938,213.85000610351562,5231700,213.85000610351562,1.0,222.9999984741211,217.07788970274552,212.7161543473558,49.8705113767942,5.9221087713755765,0.0,0.0,0.0,213.85000610351562
2012-05-21,219.97999572753906,212.82000732421875,214.02999877929688,218.11000061035156,3579800,218.11000061035156,1.0,222.2949981689453,217.17618597966037,213.06414442883943,54.435227523888514,5.118812189284938,0.0,0.0,0.0,218.11000061035156
2012-05-22,218.8699951171875,213.9600067138672,218.30999755859375,215.3300018310547,3733100,215.3300018310547,1.0,221.43799896240233,217.0003589178884,213.21032877736945,51.16120603689204,4.437640044513927,0.0,0.0,0.0,215.3300018310547
2012-05-23,217.5500030517578,211.17999267578125,214.7100067138672,217.27999877929688,4243800,217.27999877929688,1.0,220.8679992675781,217.0269912856416,213.4728881323325,53.2836881618868,3.8410079819365137,0.0,0.0,0.0,217.27999877929688
2012-05-24,217.66000366210938,212.6999969482422,216.97999572753906,215.24000549316406,3141100,215.24000549316406,1.0,219.7229995727539,216.85680216254852,213.58689570399906,50.79658872957976,2.8661974102053875,0.0,0.0,0.0,215.24000549316406
2012-05-25,215.97999572753906,212.22000122070312,214.99000549316406,212.88999938964844,2171400,212.88999938964844,1.0,218.24400024414064,216.47901142227232,213.5419346514603,48.016163244850276,1.7649888218683145,0.0,0.0,0.0,212.88999938964844
2012-05-29,216.5500030517578,212.2899932861328,214.3000030517578,214.75,2693900,214.75,1.0,217.4260009765625,216.3143436677702,213.6198743513661,50.333397525578334,1.111657308792303,0.0,0.0,0.0,214.75
2012-05-30,212.97999572753906,207.75,212.13999938964844,209.22999572753906,4078200,209.22999572753906,1.0,215.91000061035157,215.63964386393866,213.33665637563533,44.05678363785022,0.27035674641291507,0.0,0.0,0.0,209.22999572753906
2012-05-31,213.7899932861328,207.11000061035156,209.47999572753906,212.91000366210938,4944000,212.91000366210938,1.0,214.7950012207031,215.3796781304311,213.30913039411752,48.65375579690406,-0.5846769097279889,0.0,0.0,0.0,212.91000366210938
2012-06-01,211.22999572753906,207.3000030517578,208.44000244140625,208.22000122070312,3951500,208.22000122070312,1.0,213.78100128173827,214.69780413902845,212.9807994797037,43.72269494880766,-0.916802857290179,0.0,0.0,0.0,208.22000122070312
2012-06-04,215.35000610351562,206.3699951171875,207.39999389648438,214.57000732421875,4299600,214.57000732421875,1.0,213.8530014038086,214.68563301380848,213.08332901805954,50.96847503403339,-0.8326316099998792,0.0,0.0,0.0,214.57000732421875
2012-06-05,216.86000061035156,211.16000366210938,213.85000610351562,213.2100067138672,3543900,213.2100067138672,1.0,213.36300201416014,214.54509717571884,213.0915017726278,49.49855397375695,-1.182095161558692,0.0,0.0,0.0,213.2100067138672
2012-06-06,218.39999389648438,214.52000427246094,214.6300048828125,217.63999938964844,2710100,217.63999938964844,1.0,213.59400177001953,214.83984976752166,213.38495323179043,54.13826993804564,-1.2458479975021248,0.0,0.0,0.0,217.63999938964844
2012-06-07,221.49000549316406,218.11000061035156,219.64999389648438,218.8000030517578,3503900,218.8000030517578,1.0,213.74600219726562,215.2170072231632,213.73431128469156,55.29643581965697,-1.4710050258975684,0.0,0.0,0.0,218.8000030517578
2012-06-08,219.4199981689453,216.66000366210938,218.61000061035156,218.47999572753906,2877000,218.47999572753906,1.0,214.07000122070312,215.52776803310374,214.0404844745527,54.884664034928846,-1.457766812400621,0.0,0.0,0.0,218.47999572753906
2012-06-11,220.8699951171875,215.1999969482422,217.49000549316406,216.5,3749100,216.5,1.0,214.43100128173828,215.62036155376052,214.1991628955493,52.29007983906066,-1.1893602720222418,0.0,0.0,0.0,216.5
2012-06-12,218.0,214.52000427246094,217.64999389648438,216.4199981689453,2833300,216.4199981689453,1.0,214.5980010986328,215.69651742187335,214.34244259060713,52.18273924647325,-1.0985163232405455,0.0,0.0,0.0,216.4199981689453
2012-06-13,217.3800048828125,213.52000427246094,215.52000427246094,214.72999572753906,2325200,214.72999572753906,1.0,215.14800109863282,215.60446773669867,214.3674460187963,49.854533131828326,-0.456466638065848,0.0,0.0,0.0,214.72999572753906
2012-06-14,216.5,212.55999755859375,215.25999450683594,214.4499969482422,3060900,214.4499969482422,1.0,215.3020004272461,215.49451813779805,214.37277188521216,49.46079350853602,-0.19251771055195377,0.0,0.0,0.0,214.4499969482422
2012-06-15,219.3300018310547,214.4600067138672,215.2899932861328,218.35000610351562,3785200,218.35000610351562,1.0,216.31500091552735,215.76646937262828,214.62936764123174,54.81387372545847,0.5485315428990702,0.0,0.0,0.0,218.35000610351562
2012-06-18,223.75999450683594,216.72999572753906,217.27999877929688,222.66000366210938,3369600,222.66000366210938,1.0,217.1240005493164,216.42299644781696,215.1474731909658,59.872302657455236,0.7010041014994499,0.0,0.0,0.0,222.66000366210938
2012-06-19,225.1999969482422,221.66000366210938,223.25999450683594,224.02999877929688,2716600,224.02999877929688,1.0,218.20599975585938,217.14747286033884,215.72053935795492,61.353284748975284,1.0585268955205436,0.0,0.0,0.0,224.02999877929688
2012-06-20,224.74000549316406,220.83999633789062,224.50999450683594,223.02000427246094,2444400,223.02000427246094,1.0,218.74400024414064,217.7067615662552,216.19147257824565,59.606716962457895,1.0372386778854263,0.0,0.0,0.0,223.02000427246094
2012-06-21,226.02999877929688,220.52000427246094,223.83999633789062,220.57000732421875,2843000,220.57000732421875,1.0,218.9210006713867,217.9794516384422,216.47395869088908,55.480790509014625,0.9415490329444935,0.0,0.0,0.0,220.57000732421875
2012-06-22,222.50999450683594,219.35000610351562,221.8300018310547,222.16000366210938,2187500,222.16000366210938,1.0,219.28900146484375,218.37759945022003,216.84080030193556,57.53512606586536,0.9114020146237181,0.0,0.0,0.0,222.16000366210938
2012-06-25,221.58999633789062,218.0,220.3000030517578,220.07000732421875,2382300,220.07000732421875,1.0,219.64600219726563,218.53878115250563,217.04913623885707,54.00727464917388,1.1072210447599957,0.0,0.0,0.0,220.07000732421875
2012-06-26,226.38999938964844,221.4499969482422,221.4499969482422,225.61000061035156,3754100,225.61000061035156,1.0,220.56500244140625,219.21223062468144,217.60145006927607,60.85843052968432,1.352771816724811,0.0,0.0,0.0,225.61000061035156
2012-06-27,227.5,223.3000030517578,225.00999450683594,225.6199951171875,2799200,225.6199951171875,1.0,221.65400238037108,219.822493909682,218.1187755562381,60.86975516130072,1.831508470689073,0.0,0.0,0.0,225.6199951171875
2012-06-28,224.6199951171875,218.75,223.9199981689453,221.30999755859375,2994800,221.30999755859375,1.0,222.34000244140626,219.96416092386409,218.32466084671267,53.65976089750024,2.3758415175421703,0.0,0.0,0.0,221.30999755859375
2012-06-29,228.35000610351562,223.7100067138672,224.6999969482422,228.35000610351562,3614400,228.35000610351562,1.0,223.34000244140626,220.76281284573565,218.97145731489354,61.65030151695177,2.5771895956706032,0.0,0.0,0.0,228.35000610351562
2012-07-02,229.33999633789062,226.33999633789062,229.3000030517578,229.32000732421875,2330700,229.32000732421875,1.0,224.0060028076172,221.57778374844833,219.63910570259193,62.60703629062309,2.4282190591688675,0.0,0.0,0.0,229.32000732421875
2012-07-03,229.52999877929688,227.58999633789062,229.13999938964844,229.52999877929688,1331700,229.52999877929688,1.0,224.55600280761718,222.33513756091008,220.2772278365729,62.82326575267864,2.220865246707092,0.0,0.0,0.0,229.52999877929688
2012-07-05,230.5,226.52999877929688,228.6199951171875,227.05999755859375,2682300,227.05999755859375,1.0,224.96000213623046,222.78512422735614,220.7148258831549,58.535559891061006,2.174877908874322,0.0,0.0,0.0,227.05999755859375
2012-07-06,228.89999389648438,224.17999267578125,226.35000610351562,225.0500030517578,3203200,225.0500030517578,1.0,225.4080017089844,223.00082697253723,220.9945147327422,55.2320326763173,2.4071747364471605,0.0,0.0,0.0,225.0500030517578
2012-07-09,226.0,223.4499969482422,225.0,225.0500030517578,1922000,225.0500030517578,1.0,225.6970016479492,223.19598659912964,221.25615914042064,55.2320326763173,2.5010150488195677,0.0,0.0,0.0,225.0500030517578
2012-07-10,227.13999938964844,218.27999877929688,226.25,219.5,2982100,219.5,1.0,225.64000091552734,222.843987875403,221.14285855071608,46.77794134461086,2.796013040124336,0.0,0.0,0.0,219.5
2012-07-11,221.74000549316406,215.33999633789062,218.9499969482422,218.3699951171875,2734700,218.3699951171875,1.0,224.91600036621094,222.41789332700154,220.96396413564972,45.25896060827126,2.498107039209401,0.0,0.0,0.0,218.3699951171875
2012-07-12,217.3000030517578,212.61000061035156,216.61000061035156,215.36000061035156,2616200,215.36000061035156,1.0,223.89000091552734,221.74571306827295,220.60241810175953,41.40234652003199,2.1442878472543896,0.0,0.0,0.0,215.36000061035156
2012-07-13,219.30999755859375,213.8800048828125,215.6300048828125,218.38999938964844,2221900,218.38999938964844,1.0,223.5980010986328,221.42612128935633,220.4596814106556,46.35765605235395,2.1718798092764757,0.0,0.0,0.0,218.38999938964844
2012-07-16,218.30999755859375,214.4600067138672,216.60000610351562,216.00999450683594,2004200,216.00999450683594,1.0,222.36399993896484,220.91029969102107,220.17260483621564,43.26290101601426,1.4537002479437717,0.0,0.0,0.0,216.00999450683594
2012-07-17,217.94000244140625,213.9600067138672,217.4499969482422,216.92999267578125,1987000,216.92999267578125,1.0,221.1249984741211,220.5312228324268,219.9634040516715,44.797027170404654,0.5937756416942932,0.0,0.0,0.0,216.92999267578125
2012-07-18,218.6699981689453,215.7100067138672,216.14999389648438,217.47000122070312,2093000,217.47000122070312,1.0,219.91899871826172,220.23967791702455,219.80253935289937,45.72469936168011,-0.32067919876283213,0.0,0.0,0.0,217.47000122070312
2012-07-19,227.5,220.69000244140625,220.72999572753906,226.1699981689453,5449400,226.1699981689453,0.0,219.8299987792969,220.8044703219694,220.213343147483,57.97710117612443,-0.9744715426725179,-1.0,0.0,0.0,226.1699981689453
2012-07-20,229.38999938964844,225.2899932861328,225.36000061035156,228.2899932861328,4170000,228.2899932861328,0.0,220.15399780273438,221.51737727093735,220.73441734997655,60.32733367061009,-1.3633794682029645,0.0,0.0,0.0,228.2899932861328
2012-07-23,226.5800018310547,221.5399932861328,224.72000122070312,226.00999450683594,5515100,226.00999450683594,0.0,220.2499969482422,221.94524557911816,221.07477716654816,56.657339032486554,-1.695248630875966,0.0,0.0,0.0,226.00999450683594
2012-07-24,226.61000061035156,221.22999572753906,226.27000427246094,223.0399932861328,5008700,223.0399932861328,0.0,220.60399627685547,222.04950726550052,221.20156530329558,52.20233666917625,-1.4455109886450543,0.0,0.0,0.0,223.0399932861328
2012-07-25,222.5,215.91000366210938,222.0,217.0500030517578,3646700,217.0500030517578,0.0,220.4719970703125,221.57336400704884,220.93372257738994,44.58752299081244,-1.1013669367363264,0.0,0.0,0.0,217.0500030517578
2012-07-26,221.4499969482422,214.9499969482422,220.0,220.00999450683594,6937400,220.00999450683594,1.0,220.93699645996094,221.42447167369522,220.87412721799936,48.57921536019949,-0.48747521373428526,1.0,0.0,0.0,220.00999450683594
2012-07-27,238.33999633789062,224.5,225.25,237.32000732421875,11313900,237.32000732421875,1.0,222.82999725341796,222.9383322118403,221.93515174098127,64.62694717275542,-0.10833495842234697,0.0,0.0,0.0,237.32000732421875
2012-07-30,240.74000549316406,234.07000732421875,237.0,236.08999633789062,3736400,236.08999633789062,1.0,224.83799743652344,224.19087165241655,222.84836752142706,63.11952477659372,0.6471257841068905,0.0,0.0,0.0,236.08999633789062
2012-07-31,236.3000030517578,231.61000061035156,235.10000610351562,233.3000030517578,3453600,233.3000030517578,1.0,226.4749984741211,225.05840797616335,223.52266658790003,59.71702328394502,1.416590497957742,0.0,0.0,0.0,233.3000030517578
2012-08-01,234.3800048828125,230.6999969482422,234.13999938964844,232.08999633789062,2543800,232.08999633789062,1.0,227.93699798583984,225.72808305823264,224.07539753951232,58.25045189529793,2.2089149276071964,0.0,0.0,0.0,232.08999633789062
2012-08-02,234.33999633789062,228.66000366210938,230.55999755859375,230.80999755859375,3048100,230.80999755859375,1.0,228.4009979248047,226.2120749154099,224.50988786332402,56.66509467717509,2.188923009394813,0.0,0.0,0.0,230.80999755859375
2012-08-03,236.49000549316406,233.02999877929688,234.02999877929688,234.97000122070312,2825300,234.97000122070312,1.0,229.06899871826172,227.0461631349616,225.18473388638077,60.43402848554706,2.0228355833001217,0.0,0.0,0.0,234.97000122070312
2012-08-06,235.74000549316406,233.80999755859375,235.55999755859375,233.99000549316406,1843700,233.99000549316406,1.0,229.86699981689452,227.7074814547904,225.7528159255281,59.12936347653499,2.1595183621041087,0.0,0.0,0.0,233.99000549316406
2012-08-07,238.0,233.25,234.1300048828125,236.55999755859375,2058300,236.55999755859375,1.0,231.21900024414063,228.5505782265812,226.45005345024202,61.478014119394906,2.668422017559436,0.0,0.0,0.0,236.55999755859375
2012-08-08,236.4499969482422,233.58999633789062,235.2899932861328,234.3800048828125,1534300,234.3800048828125,1.0,232.9520004272461,229.10576171765084,226.96166322008528,58.4117123552188,3.8462387095952693,0.0,0.0,0.0,234.3800048828125
2012-08-09,235.99000549316406,233.5,233.92999267578125,234.05999755859375,1548100,234.05999755859375,1.0,234.35700073242188,229.57759370250255,227.41962027418262,57.95475705460618,4.7794070299193265,0.0,0.0,0.0,234.05999755859375
2012-08-10,234.85000610351562,231.42999267578125,233.0800018310547,232.75,1852500,232.75,1.0,233.9,229.87972763559753,227.76351574036443,56.022643572195186,4.020272364402473,0.0,0.0,0.0,232.75
2012-08-13,234.3699951171875,231.0,232.22999572753906,232.44000244140625,1997300,232.44000244140625,1.0,233.53500061035157,230.12356333138885,228.0652245597865,55.5506833274998,3.4114372789627225,0.0,0.0,0.0,232.44000244140625
2012-08-14,236.72000122070312,232.6199951171875,234.7100067138672,233.19000244140625,2751000,233.19000244140625,1.0,233.5240005493164,230.4156051513905,228.39585539085874,56.505379192486586,3.1083953979259036,0.0,0.0,0.0,233.19000244140625
2012-08-15,238.13999938964844,232.25,232.25999450683594,237.4199981689453,3264700,237.4199981689453,1.0,234.05700073242187,231.08269020068144,228.9780581507353,61.52470369969905,2.9743105317404286,0.0,0.0,0.0,237.4199981689453
2012-08-16,242.82000732421875,236.1999969482422,237.72000122070312,241.5500030517578,4312100,241.5500030517578,1.0,235.1310012817383,232.0795771388792,229.7891513701561,65.68811761807703,3.051424142859105,0.0,0.0,0.0,241.5500030517578
2012-08-17,243.35000610351562,240.47000122070312,240.60000610351562,241.1699981689453,3085800,241.1699981689453,1.0,235.7510009765625,232.945331522695,230.52339955072316,64.99125711591714,2.8056694538674947,0.0,0.0,0.0,241.1699981689453
2012-08-20,241.64999389648438,238.1999969482422,241.3699951171875,240.35000610351562,1889900,240.35000610351562,1.0,236.38700103759766,233.6505386256303,231.15737416703234,63.42759668921137,2.736462411967352,0.0,0.0,0.0,240.35000610351562
2012-08-21,243.85000610351562,238.5500030517578,240.8800048828125,239.4499969482422,2571500,239.4499969482422,1.0,236.6760009765625,234.20286798968857,231.69238208840073,61.673678544202076,2.473132986873935,0.0,0.0,0.0,239.4499969482422
2012-08-22,244.89999389648438,238.8000030517578,239.39999389648438,243.10000610351562,2473700,243.10000610351562,1.0,237.54800109863282,235.0502144767197,232.4283578313114,65.80361163422181,2.4977866219131215,0.0,0.0,0.0,243.10000610351562
2012-08-23,243.47999572753906,239.02000427246094,242.13999938964844,241.1999969482422,2453900,241.1999969482422,1.0,238.26200103759766,235.63590804543614,232.9942700324037,62.05501113374938,2.6260929921615173,0.0,0.0,0.0,241.1999969482422
2012-08-24,246.8699951171875,241.36000061035156,241.67999267578125,245.74000549316406,3698800,245.74000549316406,1.0,239.56100158691407,236.59820304045783,233.81657554600116,66.90623452010345,2.9627985464562414,0.0,0.0,0.0,245.74000549316406
2012-08-27,247.5,243.1199951171875,245.7899932861328,243.9199981689453,2929700,243.9199981689453,1.0,240.70900115966796,237.29551686221853,234.46840926361048,63.406525414635844,3.413484297449429,0.0,0.0,0.0,243.9199981689453
2012-08-28,246.77999877929688,243.0,243.97000122070312,246.11000061035156,2742300,246.11000061035156,1.0,242.0010009765625,238.13499150489787,235.21947967307764,65.72948741645607,3.8660094716646256,0.0,0.0,0.0,246.11000061035156
2012-08-29,247.61000061035156,244.58999633789062,246.77999877929688,247.1199951171875,1772600,247.1199951171875,1.0,242.97100067138672,238.99070613463974,235.98725486302024,66.77694657500268,3.9802945367469817,0.0,0.0,0.0,247.1199951171875
2012-08-30,250.0,245.25,246.99000549316406,246.22000122070312,3647500,246.22000122070312,1.0,243.43800048828126,239.67921042855053,236.6474320473869,64.87414551529761,3.758790059730728,0.0,0.0,0.0,246.22000122070312
2012-08-31,249.4499969482422,245.5,248.07000732421875,248.27000427246094,3347500,248.27000427246094,1.0,244.14800109863282,240.4973812708277,237.39727541674654,67.16897734721664,3.650619827805116,0.0,0.0,0.0,248.27000427246094
2012-09-04,251.0,244.66000366210938,248.27000427246094,247.8800048828125,3950800,247.8800048828125,1.0,244.9010009765625,241.2004882814929,238.07358054358951,66.28179612871185,3.700512695069591,0.0,0.0,0.0,247.8800048828125
2012-09-05,248.61000061035156,245.3000030517578,247.61000061035156,246.22000122070312,2652600,246.22000122070312,1.0,245.5780014038086,241.67853713284626,238.59915607114525,62.49790308951739,3.8994642709623406,0.0,0.0,0.0,246.22000122070312
2012-09-06,252.6999969482422,247.1999969482422,248.22999572753906,251.3800048828125,5361400,251.3800048828125,1.0,246.40600128173827,242.60248644236685,239.42372696222054,68.51484787306197,3.8035148393714167,0.0,0.0,0.0,251.3800048828125
2012-09-07,259.4200134277344,253.52000427246094,253.85000610351562,259.1400146484375,5029500,259.1400146484375,1.0,248.20000305175782,244.1774891286593,240.69574552262165,75.00874591438644,4.022513923098529,0.0,0.0,0.0,259.1400146484375
2012-09-10,260.0,256.82000732421875,259.0,257.0899963378906,2567200,257.0899963378906,1.0,249.33500213623046,245.40725172001467,241.75343912360677,70.85129059163042,3.927750416215787,0.0,0.0,0.0,257.0899963378906
2012-09-11,257.6000061035156,254.25999450683594,257.6000061035156,255.6699981689453,2524800,255.6699981689453,1.0,250.51000213623047,246.38465614372234,242.65128164266088,68.03820304000749,4.12534599250813,0.0,0.0,0.0,255.6699981689453
2012-09-12,257.7799987792969,253.5,256.5,255.6300048828125,2273200,255.6300048828125,1.0,251.46200256347657,247.2651655474452,243.48861862589646,67.95636605522972,4.196837016031367,0.0,0.0,0.0,255.6300048828125
2012-09-13,262.0,253.8000030517578,254.94000244140625,260.239990234375,3525600,260.239990234375,1.0,252.7740020751953,248.50086313667663,244.56935227805639,72.11928396071113,4.273138938518684,0.0,0.0,0.0,260.239990234375
2012-09-14,264.1099853515625,259.7699890136719,261.3999938964844,261.2699890136719,3666200,261.2699890136719,1.0,254.27900085449218,249.71697036305713,245.64681271261225,72.96439547267344,4.562030491435053,0.0,0.0,0.0,261.2699890136719
2012-09-17,261.25,257.0,261.25,258.0,2306300,258.0,1.0,255.2520004272461,250.50583032848027,246.44379253760502,66.11282575480348,4.746170098765816,0.0,0.0,0.0,258.0
2012-09-18,260.5,257.0,258.4800109863281,258.75,2215000,258.75,1.0,256.33899993896483,251.29098934481547,247.23774140614665,66.88099346327041,5.0480105941493605,0.0,0.0,0.0,258.75
2012-09-19,262.8399963378906,258.5299987792969,259.45001220703125,261.67999267578125,2636800,261.67999267578125,1.0,257.88499908447267,252.28041823347888,248.1694995525747,69.76454158350677,5.604580850993784,0.0,0.0,0.0,261.67999267578125
2012-09-20,260.8699951171875,258.0,260.0299987792969,260.80999755859375,2913600,260.80999755859375,1.0,258.82799835205077,253.09275912158506,248.98501555296303,67.87483806100269,5.735239230465709,0.0,0.0,0.0,260.80999755859375
2012-09-21,262.0,256.739990234375,261.739990234375,257.4700012207031,6059300,257.4700012207031,1.0,258.66099700927737,253.50963932150108,249.5324339831398,61.03916376024737,5.151357687776283,0.0,0.0,0.0,257.4700012207031
2012-09-24,255.60000610351562,253.0,255.22000122070312,254.8000030517578,2707900,254.8000030517578,1.0,258.43199768066404,253.63253110533506,249.87227714885714,56.1692544778369,4.799466575328978,0.0,0.0,0.0,254.8000030517578
2012-09-25,258.95001220703125,251.02999877929688,256.3299865722656,252.4600067138672,4405800,252.4600067138672,1.0,258.1109985351562,253.52086211567143,250.03922744337393,52.23583945591877,4.590136419484793,0.0,0.0,0.0,252.4600067138672
2012-09-26,254.61000061035156,248.22999572753906,252.39999389648438,249.6699981689453,2920500,249.6699981689453,1.0,257.5149978637695,253.1541131683642,250.0154061998624,47.92639839817704,4.3608846954053035,0.0,0.0,0.0,249.6699981689453
2012-09-27,257.3999938964844,250.52000427246094,250.5399932861328,256.5899963378906,3397400,256.5899963378906,1.0,257.1499984741211,253.48134013689054,250.43957330554167,57.32939531008149,3.6686583372305677,0.0,0.0,0.0,256.5899963378906
2012-09-28,257.0,253.1999969482422,256.1400146484375,254.32000732421875,2456600,254.32000732421875,1.0,256.45500030517576,253.56121320235036,250.6899238873918,53.891658045148304,2.8937871028253994,0.0,0.0,0.0,254.32000732421875
2012-10-01,256.1600036621094,250.49000549316406,255.39999389648438,252.00999450683594,2581200,252.00999450683594,1.0,255.8559997558594,253.41347808849184,250.77508973380756,50.56850205489537,2.4425216673675436,0.0,0.0,0.0,252.00999450683594
2012-10-02,253.14999389648438,249.02999877929688,252.8000030517578,250.60000610351562,2195800,250.60000610351562,1.0,255.04100036621094,253.14552837563696,250.76379401572424,48.598625535505846,1.8954719905739807,0.0,0.0,0.0,250.60000610351562
2012-10-03,256.1000061035156,249.55999755859375,251.2100067138672,255.9199981689453,2745600,255.9199981689453,1.0,254.46500091552736,253.40976359404726,251.09645234819013,55.62285094505386,1.0552373214800923,0.0,0.0,0.0,255.9199981689453
2012-10-04,261.5199890136719,255.8699951171875,256.010009765625,260.4700012207031,2700400,260.4700012207031,1.0,254.43100128173828,254.0821671775383,251.70119743673936,60.583993590584896,0.3488341041999661,0.0,0.0,0.0,260.4700012207031
2012-10-05,261.8999938964844,257.489990234375,261.20001220703125,258.510009765625,2806500,258.510009765625,1.0,254.53500213623047,254.5038664716418,252.1404756515062,57.59690151151515,0.031135664588674672,0.0,0.0,0.0,258.510009765625
2012-10-08,259.79998779296875,255.55999755859375,257.6700134277344,259.05999755859375,1762300,259.05999755859375,1.0,254.96100158691405,254.93778371801818,252.5868964197054,58.21941502630853,0.023217868895869742,0.0,0.0,0.0,259.05999755859375
2012-10-09,259.3500061035156,250.72999572753906,258.6700134277344,250.9600067138672,3494800,250.9600067138672,1.0,254.81100158691407,254.55894781286094,252.48193579352233,47.2236201477679,0.2520537740531381,0.0,0.0,0.0,250.9600067138672
2012-10-10,252.4600067138672,244.00999450683594,252.0,244.99000549316406,3948300,244.99000549316406,1.0,254.34300231933594,253.6476199728898,251.99858545156374,41.06719741123107,0.6953823464461379,0.0,0.0,0.0,244.99000549316406
2012-10-11,249.3000030517578,241.88999938964844,248.0,244.22000122070312,3447300,244.22000122070312,1.0,253.1060028076172,252.74975152030058,251.49674130763728,40.336775598836304,0.35625128731660993,0.0,0.0,0.0,244.22000122070312
2012-10-12,245.4600067138672,241.91000366210938,243.17999267578125,242.36000061035156,2203200,242.36000061035156,1.0,251.91000213623047,251.76025143363879,250.90727416587694,38.55299504244326,0.14975070259168888,0.0,0.0,0.0,242.36000061035156
2012-10-15,244.77999877929688,238.50999450683594,242.85000610351562,244.17999267578125,2959800,244.17999267578125,1.0,251.127001953125,251.03832202812856,250.4732560052256,41.288903303480865,0.08867992499642696,0.0,0.0,0.0,244.17999267578125
2012-10-16,245.77000427246094,242.0800018310547,244.8699951171875,243.94000244140625,2204100,243.94000244140625,1.0,250.46100158691405,250.3622915912979,250.05175577530179,41.02948201967931,0.09870999561616145,0.0,0.0,0.0,243.94000244140625
2012-10-17,248.8000030517578,243.3000030517578,243.3699951171875,247.49000549316406,3302700,247.49000549316406,0.0,249.61800231933594,250.08874053433274,249.88648156355097,46.394839882525815,-0.4707382149967998,-1.0,0.0,0.0,247.49000549316406
2012-10-18,250.91000366210938,242.6999969482422,247.77000427246094,244.85000610351562,5305300,244.85000610351562,0.0,248.05600280761718,249.5898134456835,249.56154766290356,43.24384405804217,-1.5338106380663135,0.0,0.0,0.0,244.85000610351562
2012-10-19,246.82000732421875,238.94000244140625,245.16000366210938,240.0,4395300,240.0,0.0,246.2050018310547,248.67649787942793,248.94467362013563,38.12147375115745,-2.4714960483732398,0.0,0.0,0.0,240.0
2012-10-22,238.9499969482422,232.32000732421875,238.80999755859375,233.77999877929688,4500000,233.77999877929688,0.0,243.677001953125,247.25778367941547,247.96630750137186,32.761705105909485,-3.5807817262904678,0.0,0.0,0.0,233.77999877929688
2012-10-23,236.5,230.00999450683594,231.0500030517578,234.30999755859375,4430800,234.30999755859375,0.0,242.01200103759766,246.02466119171817,247.08525524699908,33.61814098924049,-4.0126601541205105,0.0,0.0,0.0,234.30999755859375
2012-10-24,235.94000244140625,227.9499969482422,235.8800048828125,228.49000549316406,3678700,228.49000549316406,0.0,240.36200103759765,244.35469398233207,245.88556171449363,29.217169893778646,-3.992692944734415,0.0,0.0,0.0,228.49000549316406
2012-10-25,230.9199981689453,222.9199981689453,230.9199981689453,222.9199981689453,6741300,222.9199981689453,0.0,238.23200073242188,242.31329438105712,244.40391245349053,25.743697844434422,-4.0812936486352385,0.0,0.0,0.0,222.9199981689453
2012-10-26,238.7100067138672,226.69000244140625,228.60000610351562,238.24000549316406,11367500,238.24000549316406,0.0,237.82000122070312,241.9253621060197,244.0062410366953,45.082326807034896,-4.105360885316571,0.0,0.0,0.0,238.24000549316406
2012-10-31,238.6999969482422,230.5,236.32000732421875,232.88999938964844,4797600,232.88999938964844,0.0,236.69100189208984,241.0648513711272,243.28906415624067,41.0607258719888,-4.3738494790373466,0.0,0.0,0.0,232.88999938964844
2012-11-01,234.5500030517578,231.33999633789062,234.22999572753906,232.13999938964844,3905100,232.13999938964844,0.0,235.51100158691406,240.21486546812923,242.5697696551702,40.51509221539988,-4.70386388121517,0.0,0.0,0.0,232.13999938964844
2012-11-02,237.39999389648438,232.11000061035156,234.00999450683594,232.4199981689453,3374700,232.4199981689453,0.0,234.00400085449218,239.47249715392124,241.914945688317,40.831208439765234,-5.468496299429063,0.0,0.0,0.0,232.4199981689453
2012-11-05,234.8300018310547,230.11000061035156,232.0399932861328,234.3300018310547,1846100,234.3300018310547,0.0,232.9520004272461,238.98273569460062,241.42559447171945,43.054331159390415,-6.030735267354515,0.0,0.0,0.0,234.3300018310547
2012-11-06,237.75,234.4499969482422,235.41000366210938,237.55999755859375,2661300,237.55999755859375,0.0,232.70800018310547,238.84723682450473,241.17620112248554,46.70136077482457,-6.139236641399265,0.0,0.0,0.0,237.55999755859375
2012-11-07,235.66000366210938,229.4199981689453,235.64999389648438,232.05999755859375,3624200,232.05999755859375,0.0,232.53600006103517,238.20083308489416,240.58805895707317,41.79309014675073,-5.664833023858989,0.0,0.0,0.0,232.05999755859375
2012-11-08,233.4499969482422,227.10000610351562,232.22000122070312,227.35000610351562,2982400,227.35000610351562,0.0,231.84000091552736,237.16742099142954,239.73399103103722,38.1001849219355,-5.327420075902182,0.0,0.0,0.0,227.35000610351562
2012-11-09,230.97000122070312,224.60000610351562,226.25999450683594,226.30999755859375,3092500,226.30999755859375,0.0,231.62200012207032,236.13338066449282,238.86792693604087,37.31610301339378,-4.511380542422501,0.0,0.0,0.0,226.30999755859375
2012-11-12,229.22000122070312,225.41000366210938,226.58999633789062,226.47000122070312,2128800,226.47000122070312,0.0,231.97700042724608,235.21305881270334,238.0680607608578,37.529107992532104,-3.2360583854572553,0.0,0.0,0.0,226.47000122070312
2012-11-13,227.89999389648438,224.7100067138672,225.1199951171875,226.60000610351562,2629800,226.60000610351562,0.0,230.81300048828126,234.39276807849498,237.32818626683573,37.71430608078353,-3.57976759021372,0.0,0.0,0.0,226.60000610351562
2012-11-14,227.41000366210938,222.50999450683594,226.5,222.9499969482422,3034100,222.9499969482422,0.0,229.81900024414062,233.30298035180425,236.40056114950713,34.61187008890326,-3.4839801076636263,0.0,0.0,0.0,222.9499969482422
2012-11-15,225.16000366210938,218.17999267578125,222.3000030517578,220.60000610351562,3404700,220.60000610351562,0.0,228.66500091552734,232.09317328053868,235.38117050137868,32.74424951457338,-3.428172365011335,0.0,0.0,0.0,220.60000610351562
2012-11-16,226.25,218.63999938964844,221.30999755859375,225.22999572753906,4352800,225.22999572753906,0.0,227.9460006713867,231.43953732311013,234.72625599984065,39.65326110817891,-3.493536651723417,0.0,0.0,0.0,225.22999572753906
2012-11-19,232.5,227.4499969482422,228.32000732421875,229.7100067138672,3591200,229.7100067138672,0.0,227.48400115966797,231.27482012222984,234.40262701364884,45.48849678449396,-3.790818962561872,0.0,0.0,0.0,229.7100067138672
2012-11-20,233.82000732421875,229.5,230.0,233.77999877929688,2771700,233.77999877929688,0.0,227.1060012817383,231.51340856576005,234.36245745014227,50.199738486082616,-4.407407284021758,0.0,0.0,0.0,233.77999877929688
2012-11-21,238.6699981689453,232.75,233.83999633789062,238.02999877929688,2959300,238.02999877929688,0.0,227.7030014038086,232.1340362051445,234.59907301976517,54.61113967712424,-4.4310348013358976,0.0,0.0,0.0,238.02999877929688
2012-11-23,240.0,236.47999572753906,239.88999938964844,239.8800048828125,1776800,239.8800048828125,0.0,228.95600128173828,232.87174750777953,234.93977830125212,56.42078414207375,-3.91574622604125,0.0,0.0,0.0,239.8800048828125
2012-11-26,244.32000732421875,238.0,240.38999938964844,243.6199951171875,4178300,243.6199951171875,0.0,230.68700103759767,233.89539013724695,235.49979228937698,59.90139326337807,-3.208389099649281,0.0,0.0,0.0,243.6199951171875
2012-11-27,245.6699981689453,241.5399932861328,243.22000122070312,243.39999389648438,3048500,243.39999389648438,0.0,232.38000030517577,234.80059049526955,236.00948271564198,59.59984261880495,-2.420590190093776,0.0,0.0,0.0,243.39999389648438
2012-11-28,247.22999572753906,241.5,242.4499969482422,247.11000061035156,2743400,247.11000061035156,0.0,234.43099975585938,235.9729152681345,236.72564516046197,62.9839754417717,-1.541915512275125,0.0,0.0,0.0,247.11000061035156
2012-11-29,252.47999572753906,247.5,248.0500030517578,251.27000427246094,5310500,251.27000427246094,0.0,237.26300048828125,237.42978088759418,237.6639909096232,66.38422769763656,-0.16678039931292687,0.0,0.0,0.0,251.27000427246094
2012-11-30,252.64999389648438,248.27000427246094,250.3800048828125,252.0500030517578,3797400,252.0500030517578,1.0,240.40800018310546,238.8221829984669,238.5921207252448,66.99639155127558,1.5858171846385574,1.0,0.0,0.0,252.0500030517578
2012-12-03,254.16000366210938,250.0,252.5399932861328,250.3300018310547,2990600,250.3300018310547,1.0,242.91800079345703,239.91816574442763,239.34940337723256,64.21918062941569,2.9998350490294,0.0,0.0,0.0,250.3300018310547
2012-12-04,253.0,248.66000366210938,249.94000244140625,252.49000549316406,3114700,252.49000549316406,1.0,245.1960006713867,241.11548381573584,240.19718415890557,66.1186345925908,4.08051685565087,0.0,0.0,0.0,252.49000549316406
2012-12-05,255.5500030517578,250.3800048828125,252.44000244140625,253.9600067138672,2852200,253.9600067138672,1.0,247.21400146484376,242.33877171079598,241.08510819470956,67.3874857036514,4.87522975404778,0.0,0.0,0.0,253.9600067138672
2012-12-06,255.1699981689453,251.50999450683594,253.0,253.3699951171875,3557900,253.3699951171875,1.0,248.7480010986328,243.3893644161666,241.87768154454687,66.31403343043502,5.358636682466226,0.0,0.0,0.0,253.3699951171875
2012-12-07,255.2100067138672,252.00999450683594,254.13999938964844,253.27000427246094,2170300,253.27000427246094,1.0,250.08700103759764,244.33037773581367,242.6126701076381,66.1217984059154,5.756623301783975,0.0,0.0,0.0,253.27000427246094
2012-12-10,254.77999877929688,247.3000030517578,253.10000610351562,247.77000427246094,3503800,247.77000427246094,1.0,250.502001953125,244.65796121549437,242.9454013440783,56.43152566258601,5.844040737630621,0.0,0.0,0.0,247.77000427246094
2012-12-11,253.47999572753906,246.64999389648438,248.5,250.69000244140625,4185200,250.69000244140625,1.0,251.2310028076172,245.23244133224787,243.4450530277769,59.799919323709304,5.998561475369314,0.0,0.0,0.0,250.69000244140625
2012-12-12,254.36000061035156,250.05999755859375,251.07000732421875,251.75999450683594,2628100,251.75999450683594,1.0,251.6960021972656,245.85411306316104,243.98150086513556,60.99008695002328,5.841889134104576,0.0,0.0,0.0,251.75999450683594
2012-12-13,254.5399932861328,250.02000427246094,251.11000061035156,251.25,2460200,251.25,1.0,251.69400177001953,246.3680070571457,244.45043629319136,60.07710989117651,5.325994712873836,0.0,0.0,0.0,251.25
2012-12-14,251.89999389648438,247.7899932861328,250.11000061035156,249.19000244140625,2526900,249.19000244140625,1.0,251.4080017089844,246.63676852231336,244.75621475436654,56.4042978763584,4.771233186671026,0.0,0.0,0.0,249.19000244140625
2012-12-17,254.0,249.25999450683594,249.80999755859375,253.86000061035156,2277000,253.86000061035156,1.0,251.76100158691406,247.32469538784082,245.3435557773333,62.066067834171506,4.436306199073243,0.0,0.0,0.0,253.86000061035156
2012-12-18,263.1099853515625,254.57000732421875,254.57000732421875,260.3999938964844,4961000,260.3999938964844,1.0,252.5520004272461,248.56996191247353,246.31493888179466,68.27904876910648,3.9820385147725688,0.0,0.0,0.0,260.3999938964844
2012-12-19,261.6700134277344,257.67999267578125,261.29998779296875,257.989990234375,2300000,257.989990234375,1.0,252.9549987792969,249.46710746694032,247.068168001316,64.11192807807626,3.4878913123565667,0.0,0.0,0.0,257.989990234375
2012-12-20,262.4100036621094,256.5400085449219,258.3599853515625,261.5,2584600,261.5,1.0,253.76799926757812,250.6130972319936,247.99925393671498,67.24718117422111,3.154902035584513,0.0,0.0,0.0,261.5
2012-12-21,258.3800048828125,255.74000549316406,257.82000732421875,256.9200134277344,4704600,256.9200134277344,1.0,254.13300018310548,251.21375591730225,248.57478680710335,59.894435893682456,2.919244265803229,0.0,0.0,0.0,256.9200134277344
2012-12-24,259.5,256.9599914550781,257.29998779296875,258.6199951171875,984400,258.6199951171875,1.0,255.21799926757814,251.91911203157701,249.22286476259265,61.57388421933261,3.2988872360011214,0.0,0.0,0.0,258.6199951171875
2012-12-26,257.4200134277344,248.0399932861328,257.1499938964844,248.6300048828125,4152700,248.6300048828125,1.0,255.01199951171876,251.60586373169468,249.1846157380907,48.67449905859592,3.406135780024073,0.0,0.0,0.0,248.6300048828125
2012-12-27,249.35000610351562,242.86000061035156,248.27999877929688,248.30999755859375,3639300,248.30999755859375,1.0,254.66699981689453,251.29197171520886,249.12818875876835,48.32525729484077,3.375028101685672,0.0,0.0,0.0,248.30999755859375
2012-12-28,247.44000244140625,245.0500030517578,245.85000610351562,245.17999267578125,1858700,245.17999267578125,1.0,254.05999908447265,250.7098784733586,248.8734664308337,44.92957701705443,3.3501206111140505,0.0,0.0,0.0,245.17999267578125
2012-12-31,252.41000366210938,242.75,243.75,250.8699951171875,3419000,250.8699951171875,1.0,254.22799835205078,250.72512767753278,249.00227473317912,51.58916433769155,3.502870674517993,0.0,0.0,0.0,250.8699951171875
